transaction_id,transaction_date,customer_id,product_id,product_name,category,quantity,unit_price,total_amount,store_location,payment_method,_rescued_data
null,null,null,null,null,null,null,null,null,null,null,"{""_c11"":"""",""_c18"":"" IF3 "",""_c10"":""Prediction periods"","" Time dependent _20"":"" IF4 "",""_c0"":""Project"","" Time dependent _16"":"" IF2 "",""_c4"":""Total floors"",""_c1"":""Total area (m2)"","" Time dependent _23"":"" IF5 "",""Independent_30"":"" IF8 "",""_c12"":"""",""Independent_38"":""IF16"",""Independent_36"":""IF14"",""_c29"":"" IF8 "",""_c21"":"" IF5 "",""_c13"":"" IF1 "",""Independent_37"":""IF15"",""_c3"":""Ground floors"",""Independent_39"":""IF17"",""_c5"":""Buildings"",""Independent_32"":""IF10"","" Time dependent _19"":"" IF3 "",""_c9"":"" Contract amount (NTD) "",""_c28"":"" IF8 "",""_c22"":"" IF5 "",""_c14"":"" IF1 "",""_c8"":""Durations (days)"",""_c25"":"" IF7 "",""_c17"":"" IF3 "",""Independent_40"":""IF18"",""_c42"":"""",""Independent_34"":""IF12"",""_file_path"":""s3://myfirstbucket-tamuda/Construction%20Projects%201/Construction%20Projects%20Dataset%202.csv"",""_c7"":""Finish date"",""Independent_33"":""IF11"",""_c26"":"" IF7 "",""_c2"":""Underground floors"",""_c41"":"""",""Independent_35"":""IF13"",""_c6"":""Start date"",""Independent_31"":""IF9""}"
null,null,null,null,null,null,null,null,null,null,null,"{""_c11"":"""",""_c18"":"" D "",""_c10"":"""","" Time dependent _20"":"" Percent change in contract amount "",""_c0"":"""","" Time dependent _16"":"" Percent of scheduled work completed "",""_c4"":"""",""_c1"":"""","" Time dependent _23"":"" Percent of budget spent or actual cost "",""Independent_30"":"" Cost Performance Index or cost management "",""_c12"":"""",""Independent_38"":""Labor market"",""Independent_36"":""Number of floor"",""_c29"":"" D "",""_c21"":"" H "",""_c13"":"" H "",""Independent_37"":""Amount of budget (NTD)"",""_c3"":"""",""Independent_39"":""Productivity"",""_c5"":"""",""Independent_32"":""Contract payment"","" Time dependent _19"":"" Percent of actual work completed or planned cost "",""_c9"":"""",""_c28"":"" H "",""_c22"":"" D "",""_c14"":"" D "",""_c8"":"""",""_c25"":"" H "",""_c17"":"" H "",""Independent_40"":""Material prices"",""_c42"":""y_ECAC"",""Independent_34"":"" Construction price fluctuation"",""_file_path"":""s3://myfirstbucket-tamuda/Construction%20Projects%201/Construction%20Projects%20Dataset%202.csv"",""_c7"":"""",""Independent_33"":""Change order"",""_c26"":"" D "",""_c2"":"""",""_c41"":""Y_ESAC"",""Independent_35"":""Total floor area (m2)"",""_c6"":"""",""Independent_31"":""Subcontractor management""}"
null,null,null,null,null,null,null,null,null,null,null,"{""_c11"":""1"",""_c18"":"" 0.06 "",""_c10"":""20"","" Time dependent _20"":"" 1.00 "",""_c0"":""A"","" Time dependent _16"":"" 0.06 "",""_c4"":""11"",""_c1"":"" 31,797 "","" Time dependent _23"":"" 0.05 "",""Independent_30"":"" 1.17 "",""_c12"":""Project-G-2"",""Independent_38"":""-0.2"",""Independent_36"":""11"",""_c29"":"" 1.17 "",""_c21"":"" 0.05 "",""_c13"":"" 0.09 "",""Independent_37"":"" 530,000,000 "",""_c3"":""9"",""Independent_39"":""99.46"",""_c5"":""4"",""Independent_32"":""0.85"","" Time dependent _19"":"" 0.06 "",""_c9"":"" 530,000,000 "",""_c28"":"" 1.17 "",""_c22"":"" 0.05 "",""_c14"":"" 0.09 "",""_c8"":""635"",""_c25"":"" 0.94 "",""_c17"":"" 0.06 "",""Independent_40"":""55.41"",""_c42"":""0.955181838944"",""Independent_34"":""1.00250350490687"",""_file_path"":""s3://myfirstbucket-tamuda/Construction%20Projects%201/Construction%20Projects%20Dataset%202.csv"",""_c7"":""2003-03-31"",""Independent_33"":""1"",""_c26"":"" 0.94 "",""_c2"":""2"",""_c41"":""1.00472440944882"",""Independent_35"":"" 31,797 "",""_c6"":""2001-07-04"",""Independent_31"":""0.99""}"
null,null,null,null,null,null,null,null,null,null,null,"{""_c11"":""2"",""_c18"":"" 0.08 "",""_c10"":"""","" Time dependent _20"":"" 1.00 "",""_c0"":"""","" Time dependent _16"":"" 0.09 "",""_c4"":"""",""_c1"":"""","" Time dependent _23"":"" 0.06 "",""Independent_30"":"" 1.43 "",""_c12"":""Project-G-3"",""Independent_38"":""-1.61"",""Independent_36"":""11"",""_c29"":"" 1.43 "",""_c21"":"" 0.06 "",""_c13"":"" 0.14 "",""Independent_37"":"" 530,000,000 "",""_c3"":"""",""Independent_39"":""99.46"",""_c5"":"""",""Independent_32"":""0.96"","" Time dependent _19"":"" 0.08 "",""_c9"":"""",""_c28"":"" 1.43 "",""_c22"":"" 0.06 "",""_c14"":"" 0.14 "",""_c8"":"""",""_c25"":"" 0.90 "",""_c17"":"" 0.08 "",""Independent_40"":""55.4"",""_c42"":""0.9215145456928"",""Independent_34"":""0.998698177448428"",""_file_path"":""s3://myfirstbucket-tamuda/Construction%20Projects%201/Construction%20Projects%20Dataset%202.csv"",""_c7"":"""",""Independent_33"":""1"",""_c26"":"" 0.90 "",""_c2"":"""",""_c41"":""0.955905511811024"",""Independent_35"":"" 31,797 "",""_c6"":"""",""Independent_31"":""1.38""}"
null,null,null,null,null,null,null,null,null,null,null,"{""_c11"":""3"",""_c18"":"" 0.10 "",""_c10"":"""","" Time dependent _20"":"" 1.00 "",""_c0"":"""","" Time dependent _16"":"" 0.12 "",""_c4"":"""",""_c1"":"""","" Time dependent _23"":"" 0.08 "",""Independent_30"":"" 1.15 "",""_c12"":""Project-G-4"",""Independent_38"":""-0.79"",""Independent_36"":""11"",""_c29"":"" 1.15 "",""_c21"":"" 0.08 "",""_c13"":"" 0.19 "",""Independent_37"":"" 530,000,000 "",""_c3"":"""",""Independent_39"":""99.46"",""_c5"":"""",""Independent_32"":""0.8"","" Time dependent _19"":"" 0.10 "",""_c9"":"""",""_c28"":"" 1.15 "",""_c22"":"" 0.08 "",""_c14"":"" 0.19 "",""_c8"":"""",""_c25"":"" 0.81 "",""_c17"":"" 0.10 "",""Independent_40"":""55.38"",""_c42"":""0.9675266869584"",""Independent_34"":""0.998397756859604"",""_file_path"":""s3://myfirstbucket-tamuda/Construction%20Projects%201/Construction%20Projects%20Dataset%202.csv"",""_c7"":"""",""Independent_33"":""1"",""_c26"":"" 0.81 "",""_c2"":"""",""_c41"":""0.908661417322835"",""Independent_35"":"" 31,797 "",""_c6"":"""",""Independent_31"":""0.92""}"
null,null,null,null,null,null,null,null,null,null,null,"{""_c11"":""4"",""_c18"":"" 0.13 "",""_c10"":"""","" Time dependent _20"":"" 1.00 "",""_c0"":"""","" Time dependent _16"":"" 0.15 "",""_c4"":"""",""_c1"":"""","" Time dependent _23"":"" 0.13 "",""Independent_30"":"" 1.04 "",""_c12"":""Project-G-5"",""Independent_38"":""0.24"",""Independent_36"":""11"",""_c29"":"" 1.04 "",""_c21"":"" 0.13 "",""_c13"":"" 0.23 "",""Independent_37"":"" 530,000,000 "",""_c3"":"""",""Independent_39"":""99.46"",""_c5"":"""",""Independent_32"":""1.3"","" Time dependent _19"":"" 0.13 "",""_c9"":"""",""_c28"":"" 1.04 "",""_c22"":"" 0.13 "",""_c14"":"" 0.23 "",""_c8"":"""",""_c25"":"" 0.90 "",""_c17"":"" 0.13 "",""Independent_40"":""55.39"",""_c42"":""0.9490144480376"",""Independent_34"":""0.997196074504306"",""_file_path"":""s3://myfirstbucket-tamuda/Construction%20Projects%201/Construction%20Projects%20Dataset%202.csv"",""_c7"":"""",""Independent_33"":""1"",""_c26"":"" 0.90 "",""_c2"":"""",""_c41"":""0.859842519685039"",""Independent_35"":"" 31,797 "",""_c6"":"""",""Independent_31"":""1.35""}"
null,null,null,null,null,null,null,null,null,null,null,"{""_c11"":""5"",""_c18"":"" 0.20 "",""_c10"":"""","" Time dependent _20"":"" 1.00 "",""_c0"":"""","" Time dependent _16"":"" 0.17 "",""_c4"":"""",""_c1"":"""","" Time dependent _23"":"" 0.17 "",""Independent_30"":"" 1.18 "",""_c12"":""Project-G-6"",""Independent_38"":""0.99"",""Independent_36"":""11"",""_c29"":"" 1.18 "",""_c21"":"" 0.17 "",""_c13"":"" 0.28 "",""Independent_37"":"" 530,000,000 "",""_c3"":"""",""Independent_39"":""99.46"",""_c5"":"""",""Independent_32"":""0.85"","" Time dependent _19"":"" 0.20 "",""_c9"":"""",""_c28"":"" 1.18 "",""_c22"":"" 0.17 "",""_c14"":"" 0.28 "",""_c8"":"""",""_c25"":"" 1.15 "",""_c17"":"" 0.20 "",""Independent_40"":""55.37"",""_c42"":""0.94263773671"",""Independent_34"":""0.996795513719207"",""_file_path"":""s3://myfirstbucket-tamuda/Construction%20Projects%201/Construction%20Projects%20Dataset%202.csv"",""_c7"":"""",""Independent_33"":""1"",""_c26"":"" 1.15 "",""_c2"":"""",""_c41"":""0.81259842519685"",""Independent_35"":"" 31,797 "",""_c6"":"""",""Independent_31"":""1""}"
null,null,null,null,null,null,null,null,null,null,null,"{""_c11"":""6"",""_c18"":"" 0.25 "",""_c10"":"""","" Time dependent _20"":"" 1.00 "",""_c0"":"""","" Time dependent _16"":"" 0.20 "",""_c4"":"""",""_c1"":"""","" Time dependent _23"":"" 0.17 "",""Independent_30"":"" 1.48 "",""_c12"":""Project-G-7"",""Independent_38"":""-0.52"",""Independent_36"":""11"",""_c29"":"" 1.48 "",""_c21"":"" 0.17 "",""_c13"":"" 0.33 "",""Independent_37"":"" 530,000,000 "",""_c3"":"""",""Independent_39"":""107.94"",""_c5"":"""",""Independent_32"":""0.75"","" Time dependent _19"":"" 0.25 "",""_c9"":"""",""_c28"":"" 1.48 "",""_c22"":"" 0.17 "",""_c14"":"" 0.33 "",""_c8"":"""",""_c25"":"" 1.26 "",""_c17"":"" 0.25 "",""Independent_40"":""55.66"",""_c42"":""0.8826194645164"",""Independent_34"":""0.99749649509313"",""_file_path"":""s3://myfirstbucket-tamuda/Construction%20Projects%201/Construction%20Projects%20Dataset%202.csv"",""_c7"":"""",""Independent_33"":""1"",""_c26"":"" 1.26 "",""_c2"":"""",""_c41"":""0.763779527559055"",""Independent_35"":"" 31,797 "",""_c6"":"""",""Independent_31"":""1.11""}"
null,null,null,null,null,null,null,null,null,null,null,"{""_c11"":""7"",""_c18"":"" 0.24 "",""_c10"":"""","" Time dependent _20"":"" 1.00 "",""_c0"":"""","" Time dependent _16"":"" 0.22 "",""_c4"":"""",""_c1"":"""","" Time dependent _23"":"" 0.26 "",""Independent_30"":"" 0.93 "",""_c12"":""Project-G-8"",""Independent_38"":""-2.68"",""Independent_36"":""11"",""_c29"":"" 0.93 "",""_c21"":"" 0.26 "",""_c13"":"" 0.38 "",""Independent_37"":"" 530,000,000 "",""_c3"":"""",""Independent_39"":""107.94"",""_c5"":"""",""Independent_32"":""0.79"","" Time dependent _19"":"" 0.24 "",""_c9"":"""",""_c28"":"" 0.93 "",""_c22"":"" 0.26 "",""_c14"":"" 0.38 "",""_c8"":"""",""_c25"":"" 1.09 "",""_c17"":"" 0.24 "",""Independent_40"":""56.06"",""_c42"":""0.9909968084232"",""Independent_34"":""1.00030042058882"",""_file_path"":""s3://myfirstbucket-tamuda/Construction%20Projects%201/Construction%20Projects%20Dataset%202.csv"",""_c7"":"""",""Independent_33"":""1"",""_c26"":"" 1.09 "",""_c2"":"""",""_c41"":""0.718110236220472"",""Independent_35"":"" 31,797 "",""_c6"":"""",""Independent_31"":""0.73""}"
null,null,null,null,null,null,null,null,null,null,null,"{""_c11"":""8"",""_c18"":"" 0.31 "",""_c10"":"""","" Time dependent _20"":"" 1.00 "",""_c0"":"""","" Time dependent _16"":"" 0.26 "",""_c4"":"""",""_c1"":"""","" Time dependent _23"":"" 0.28 "",""Independent_30"":"" 1.10 "",""_c12"":""Project-G-9"",""Independent_38"":""-0.55"",""Independent_36"":""11"",""_c29"":"" 1.10 "",""_c21"":"" 0.28 "",""_c13"":"" 0.42 "",""Independent_37"":"" 530,000,000 "",""_c3"":"""",""Independent_39"":""107.94"",""_c5"":"""",""Independent_32"":""0.93"","" Time dependent _19"":"" 0.31 "",""_c9"":"""",""_c28"":"" 1.10 "",""_c22"":"" 0.28 "",""_c14"":"" 0.42 "",""_c8"":"""",""_c25"":"" 1.21 "",""_c17"":"" 0.31 "",""Independent_40"":""56.36"",""_c42"":""0.9373665664212"",""Independent_34"":""1.00290406569197"",""_file_path"":""s3://myfirstbucket-tamuda/Construction%20Projects%201/Construction%20Projects%20Dataset%202.csv"",""_c7"":"""",""Independent_33"":""1"",""_c26"":"" 1.21 "",""_c2"":"""",""_c41"":""0.670866141732283"",""Independent_35"":"" 31,797 "",""_c6"":"""",""Independent_31"":""1.02""}"
null,null,null,null,null,null,null,null,null,null,null,"{""_c11"":""9"",""_c18"":"" 0.35 "",""_c10"":"""","" Time dependent _20"":"" 1.00 "",""_c0"":"""","" Time dependent _16"":"" 0.29 "",""_c4"":"""",""_c1"":"""","" Time dependent _23"":"" 0.31 "",""Independent_30"":"" 1.12 "",""_c12"":""Project-G-10"",""Independent_38"":""-0.0600000000000001"",""Independent_36"":""11"",""_c29"":"" 1.12 "",""_c21"":"" 0.31 "",""_c13"":"" 0.47 "",""Independent_37"":"" 530,000,000 "",""_c3"":"""",""Independent_39"":""107.94"",""_c5"":"""",""Independent_32"":""0.94"","" Time dependent _19"":"" 0.35 "",""_c9"":"""",""_c28"":"" 1.12 "",""_c22"":"" 0.31 "",""_c14"":"" 0.47 "",""_c8"":"""",""_c25"":"" 1.20 "",""_c17"":"" 0.35 "",""Independent_40"":""56.79"",""_c42"":""0.9236778886412"",""Independent_34"":""1.00721009413178"",""_file_path"":""s3://myfirstbucket-tamuda/Construction%20Projects%201/Construction%20Projects%20Dataset%202.csv"",""_c7"":"""",""Independent_33"":""1"",""_c26"":"" 1.20 "",""_c2"":"""",""_c41"":""0.622047244094488"",""Independent_35"":"" 31,797 "",""_c6"":"""",""Independent_31"":""1.05""}"
null,null,null,null,null,null,null,null,null,null,null,"{""_c11"":""10"",""_c18"":"" 0.41 "",""_c10"":"""","" Time dependent _20"":"" 1.00 "",""_c0"":"""","" Time dependent _16"":"" 0.33 "",""_c4"":"""",""_c1"":"""","" Time dependent _23"":"" 0.39 "",""Independent_30"":"" 1.05 "",""_c12"":""Project-G-11"",""Independent_38"":""-0.12"",""Independent_36"":""11"",""_c29"":"" 1.05 "",""_c21"":"" 0.39 "",""_c13"":"" 0.57 "",""Independent_37"":"" 530,000,000 "",""_c3"":"""",""Independent_39"":""107.94"",""_c5"":"""",""Independent_32"":""0.97"","" Time dependent _19"":"" 0.41 "",""_c9"":"""",""_c28"":"" 1.05 "",""_c22"":"" 0.39 "",""_c14"":"" 0.57 "",""_c8"":"""",""_c25"":"" 1.24 "",""_c17"":"" 0.41 "",""Independent_40"":""58.67"",""_c42"":""0.9210156277308"",""Independent_34"":""1.02663729220909"",""_file_path"":""s3://myfirstbucket-tamuda/Construction%20Projects%201/Construction%20Projects%20Dataset%202.csv"",""_c7"":"""",""Independent_33"":""1"",""_c26"":"" 1.24 "",""_c2"":"""",""_c41"":""0.525984251968504"",""Independent_35"":"" 31,797 "",""_c6"":"""",""Independent_31"":""1.02""}"
null,null,null,null,null,null,null,null,null,null,null,"{""_c11"":""11"",""_c18"":"" 0.45 "",""_c10"":"""","" Time dependent _20"":"" 1.00 "",""_c0"":"""","" Time dependent _16"":"" 0.37 "",""_c4"":"""",""_c1"":"""","" Time dependent _23"":"" 0.44 "",""Independent_30"":"" 1.03 "",""_c12"":""Project-G-12"",""Independent_38"":""0.68"",""Independent_36"":""11"",""_c29"":"" 1.03 "",""_c21"":"" 0.44 "",""_c13"":"" 0.62 "",""Independent_37"":"" 530,000,000 "",""_c3"":"""",""Independent_39"":""107.94"",""_c5"":"""",""Independent_32"":""0.95"","" Time dependent _19"":"" 0.45 "",""_c9"":"""",""_c28"":"" 1.03 "",""_c22"":"" 0.44 "",""_c14"":"" 0.62 "",""_c8"":"""",""_c25"":"" 1.22 "",""_c17"":"" 0.45 "",""Independent_40"":""58.73"",""_c42"":""0.93203355853"",""Independent_34"":""1.02753855397557"",""_file_path"":""s3://myfirstbucket-tamuda/Construction%20Projects%201/Construction%20Projects%20Dataset%202.csv"",""_c7"":"""",""Independent_33"":""1"",""_c26"":"" 1.22 "",""_c2"":"""",""_c41"":""0.478740157480315"",""Independent_35"":"" 31,797 "",""_c6"":"""",""Independent_31"":""0.97""}"
null,null,null,null,null,null,null,null,null,null,null,"{""_c11"":""12"",""_c18"":"" 0.80 "",""_c10"":"""","" Time dependent _20"":"" 1.04 "",""_c0"":"""","" Time dependent _16"":"" 0.78 "",""_c4"":"""",""_c1"":"""","" Time dependent _23"":"" 0.65 "",""Independent_30"":"" 1.26 "",""_c12"":""Project-G-13"",""Independent_38"":""0.37"",""Independent_36"":""11"",""_c29"":"" 1.26 "",""_c21"":"" 0.66 "",""_c13"":"" 0.76 "",""Independent_37"":"" 530,000,000 "",""_c3"":"""",""Independent_39"":""107.94"",""_c5"":"""",""Independent_32"":""0.86"","" Time dependent _19"":"" 0.82 "",""_c9"":"""",""_c28"":"" 1.26 "",""_c22"":"" 0.64 "",""_c14"":"" 0.76 "",""_c8"":"""",""_c25"":"" 1.03 "",""_c17"":"" 0.83 "",""Independent_40"":""57.76"",""_c42"":""0.9700448037676"",""Independent_34"":""1.01652313238534"",""_file_path"":""s3://myfirstbucket-tamuda/Construction%20Projects%201/Construction%20Projects%20Dataset%202.csv"",""_c7"":"""",""Independent_33"":""1.04"",""_c26"":"" 1.03 "",""_c2"":"""",""_c41"":""0.333858267716535"",""Independent_35"":"" 31,797 "",""_c6"":"""",""Independent_31"":""1.08""}"
null,null,null,null,null,null,null,null,null,null,null,"{""_c11"":""13"",""_c18"":"" 0.80 "",""_c10"":"""","" Time dependent _20"":"" 1.04 "",""_c0"":"""","" Time dependent _16"":"" 0.91 "",""_c4"":"""",""_c1"":"""","" Time dependent _23"":"" 0.75 "",""Independent_30"":"" 1.10 "",""_c12"":""Project-G-14"",""Independent_38"":""-0.0899999999999999"",""Independent_36"":""11"",""_c29"":"" 1.10 "",""_c21"":"" 0.76 "",""_c13"":"" 0.81 "",""Independent_37"":"" 530,000,000 "",""_c3"":"""",""Independent_39"":""107.94"",""_c5"":"""",""Independent_32"":""1"","" Time dependent _19"":"" 0.82 "",""_c9"":"""",""_c28"":"" 1.10 "",""_c22"":"" 0.73 "",""_c14"":"" 0.81 "",""_c8"":"""",""_c25"":"" 0.88 "",""_c17"":"" 0.83 "",""Independent_40"":""57.97"",""_c42"":""1.0413614407996"",""Independent_34"":""1.01822551572201"",""_file_path"":""s3://myfirstbucket-tamuda/Construction%20Projects%201/Construction%20Projects%20Dataset%202.csv"",""_c7"":"""",""Independent_33"":""1.04"",""_c26"":"" 0.88 "",""_c2"":"""",""_c41"":""0.28503937007874"",""Independent_35"":"" 31,797 "",""_c6"":"""",""Independent_31"":""1.1""}"
null,null,null,null,null,null,null,null,null,null,null,"{""_c11"":""14"",""_c18"":"" 0.96 "",""_c10"":"""","" Time dependent _20"":"" 1.07 "",""_c0"":"""","" Time dependent _16"":"" 0.97 "",""_c4"":"""",""_c1"":"""","" Time dependent _23"":"" 0.78 "",""Independent_30"":"" 1.26 "",""_c12"":""Project-G-15"",""Independent_38"":""0.74"",""Independent_36"":""11"",""_c29"":"" 1.26 "",""_c21"":"" 0.81 "",""_c13"":"" 0.86 "",""Independent_37"":"" 530,000,000 "",""_c3"":"""",""Independent_39"":""107.94"",""_c5"":"""",""Independent_32"":""0.9"","" Time dependent _19"":"" 0.99 "",""_c9"":"""",""_c28"":"" 1.26 "",""_c22"":"" 0.76 "",""_c14"":"" 0.86 "",""_c8"":"""",""_c25"":"" 0.99 "",""_c17"":"" 1.02 "",""Independent_40"":""58.47"",""_c42"":""1.0284960807272"",""Independent_34"":""1.02082916082516"",""_file_path"":""s3://myfirstbucket-tamuda/Construction%20Projects%201/Construction%20Projects%20Dataset%202.csv"",""_c7"":"""",""Independent_33"":""1.07"",""_c26"":"" 0.99 "",""_c2"":"""",""_c41"":""0.237795275590551"",""Independent_35"":"" 31,797 "",""_c6"":"""",""Independent_31"":""1.14""}"
null,null,null,null,null,null,null,null,null,null,null,"{""_c11"":""15"",""_c18"":"" 0.98 "",""_c10"":"""","" Time dependent _20"":"" 1.07 "",""_c0"":"""","" Time dependent _16"":"" 1.00 "",""_c4"":"""",""_c1"":"""","" Time dependent _23"":"" 0.81 "",""Independent_30"":"" 1.25 "",""_c12"":""Project-G-16"",""Independent_38"":""-0.62"",""Independent_36"":""11"",""_c29"":"" 1.25 "",""_c21"":"" 0.84 "",""_c13"":"" 0.91 "",""Independent_37"":"" 530,000,000 "",""_c3"":"""",""Independent_39"":""107.44"",""_c5"":"""",""Independent_32"":""0.95"","" Time dependent _19"":"" 1.01 "",""_c9"":"""",""_c28"":"" 1.25 "",""_c22"":"" 0.79 "",""_c14"":"" 0.91 "",""_c8"":"""",""_c25"":"" 0.98 "",""_c17"":"" 1.05 "",""Independent_40"":""59.47"",""_c42"":""1.0221752471048"",""Independent_34"":""1.03104346084518"",""_file_path"":""s3://myfirstbucket-tamuda/Construction%20Projects%201/Construction%20Projects%20Dataset%202.csv"",""_c7"":"""",""Independent_33"":""1.07"",""_c26"":"" 0.98 "",""_c2"":"""",""_c41"":""0.188976377952756"",""Independent_35"":"" 31,797 "",""_c6"":"""",""Independent_31"":""1.19""}"
null,null,null,null,null,null,null,null,null,null,null,"{""_c11"":""16"",""_c18"":"" 1.00 "",""_c10"":"""","" Time dependent _20"":"" 1.07 "",""_c0"":"""","" Time dependent _16"":"" 1.00 "",""_c4"":"""",""_c1"":"""","" Time dependent _23"":"" 0.83 "",""Independent_30"":"" 1.24 "",""_c12"":""Project-G-17"",""Independent_38"":""-2.06"",""Independent_36"":""11"",""_c29"":"" 1.24 "",""_c21"":"" 0.86 "",""_c13"":"" 0.95 "",""Independent_37"":"" 530,000,000 "",""_c3"":"""",""Independent_39"":""107.44"",""_c5"":"""",""Independent_32"":""0.97"","" Time dependent _19"":"" 1.03 "",""_c9"":"""",""_c28"":"" 1.24 "",""_c22"":"" 0.80 "",""_c14"":"" 0.95 "",""_c8"":"""",""_c25"":"" 1.00 "",""_c17"":"" 1.07 "",""Independent_40"":""61.04"",""_c42"":""1.0074900553804"",""Independent_34"":""1.04856799519327"",""_file_path"":""s3://myfirstbucket-tamuda/Construction%20Projects%201/Construction%20Projects%20Dataset%202.csv"",""_c7"":"""",""Independent_33"":""1.07"",""_c26"":"" 1.00 "",""_c2"":"""",""_c41"":""0.143307086614173"",""Independent_35"":"" 31,797 "",""_c6"":"""",""Independent_31"":""1.2""}"
null,null,null,null,null,null,null,null,null,null,null,"{""_c11"":""17"",""_c18"":"" 1.00 "",""_c10"":"""","" Time dependent _20"":"" 1.07 "",""_c0"":"""","" Time dependent _16"":"" 1.00 "",""_c4"":"""",""_c1"":"""","" Time dependent _23"":"" 0.88 "",""Independent_30"":"" 1.17 "",""_c12"":""Project-G-18"",""Independent_38"":""-0.14"",""Independent_36"":""11"",""_c29"":"" 1.17 "",""_c21"":"" 0.91 "",""_c13"":"" 1.00 "",""Independent_37"":"" 530,000,000 "",""_c3"":"""",""Independent_39"":""107.44"",""_c5"":"""",""Independent_32"":""0.99"","" Time dependent _19"":"" 1.03 "",""_c9"":"""",""_c28"":"" 1.17 "",""_c22"":"" 0.85 "",""_c14"":"" 1.00 "",""_c8"":"""",""_c25"":"" 1.00 "",""_c17"":"" 1.07 "",""Independent_40"":""62.06"",""_c42"":""1.0398310483192"",""Independent_34"":""1.06008411776487"",""_file_path"":""s3://myfirstbucket-tamuda/Construction%20Projects%201/Construction%20Projects%20Dataset%202.csv"",""_c7"":"""",""Independent_33"":""1.07"",""_c26"":"" 1.00 "",""_c2"":"""",""_c41"":""0.0960629921259843"",""Independent_35"":"" 31,797 "",""_c6"":"""",""Independent_31"":""1.16""}"
null,null,null,null,null,null,null,null,null,null,null,"{""_c11"":""18"",""_c18"":"" 1.00 "",""_c10"":"""","" Time dependent _20"":"" 1.07 "",""_c0"":"""","" Time dependent _16"":"" 1.00 "",""_c4"":"""",""_c1"":"""","" Time dependent _23"":"" 0.90 "",""Independent_30"":"" 1.15 "",""_c12"":""Project-G-19"",""Independent_38"":""-0.2"",""Independent_36"":""11"",""_c29"":"" 1.15 "",""_c21"":"" 0.93 "",""_c13"":"" 1.05 "",""Independent_37"":"" 530,000,000 "",""_c3"":"""",""Independent_39"":""107.44"",""_c5"":"""",""Independent_32"":""0.99"","" Time dependent _19"":"" 1.03 "",""_c9"":"""",""_c28"":"" 1.15 "",""_c22"":"" 0.87 "",""_c14"":"" 1.05 "",""_c8"":"""",""_c25"":"" 1.00 "",""_c17"":"" 1.07 "",""Independent_40"":""61.72"",""_c42"":""1.0343022797184"",""Independent_34"":""1.05617865011015"",""_file_path"":""s3://myfirstbucket-tamuda/Construction%20Projects%201/Construction%20Projects%20Dataset%202.csv"",""_c7"":"""",""Independent_33"":""1.07"",""_c26"":"" 1.00 "",""_c2"":"""",""_c41"":""0.047244094488189"",""Independent_35"":"" 31,797 "",""_c6"":"""",""Independent_31"":""1.14""}"
null,null,null,null,null,null,null,null,null,null,null,"{""_c11"":""19"",""_c18"":"" 1.00 "",""_c10"":"""","" Time dependent _20"":"" 1.07 "",""_c0"":"""","" Time dependent _16"":"" 1.00 "",""_c4"":"""",""_c1"":"""","" Time dependent _23"":"" 0.92 "",""Independent_30"":"" 1.13 "",""_c12"":""Project-G-20"",""Independent_38"":""-0.53"",""Independent_36"":""11"",""_c29"":"" 1.13 "",""_c21"":"" 0.95 "",""_c13"":"" 1.09 "",""Independent_37"":"" 530,000,000 "",""_c3"":"""",""Independent_39"":""107.44"",""_c5"":"""",""Independent_32"":""0.99"","" Time dependent _19"":"" 1.04 "",""_c9"":"""",""_c28"":"" 1.13 "",""_c22"":"" 0.88 "",""_c14"":"" 1.09 "",""_c8"":"""",""_c25"":"" 1.00 "",""_c17"":"" 1.07 "",""Independent_40"":""60.96"",""_c42"":""1.0266649214776"",""Independent_34"":""1.04676547166032"",""_file_path"":""s3://myfirstbucket-tamuda/Construction%20Projects%201/Construction%20Projects%20Dataset%202.csv"",""_c7"":"""",""Independent_33"":""1.07"",""_c26"":"" 1.00 "",""_c2"":"""",""_c41"":""0"",""Independent_35"":"" 31,797 "",""_c6"":"""",""Independent_31"":""1.12""}"
null,null,null,null,null,null,null,null,null,null,null,"{""_c11"":""20"",""_c18"":"" 1.00 "",""_c10"":"""","" Time dependent _20"":"" 1.07 "",""_c0"":"""","" Time dependent _16"":"" 1.00 "",""_c4"":"""",""_c1"":"""","" Time dependent _23"":"" 0.94 "",""Independent_30"":"" 1.12 "",""_c12"":""Project-G-21"",""Independent_38"":""-0.78"",""Independent_36"":""11"",""_c29"":"" 1.12 "",""_c21"":"" 0.99 "",""_c13"":"" 1.14 "",""Independent_37"":"" 530,000,000 "",""_c3"":"""",""Independent_39"":""107.44"",""_c5"":"""",""Independent_32"":""0.99"","" Time dependent _19"":"" 1.04 "",""_c9"":"""",""_c28"":"" 1.12 "",""_c22"":"" 0.89 "",""_c14"":"" 1.14 "",""_c8"":"""",""_c25"":"" 1.00 "",""_c17"":"" 1.07 "",""Independent_40"":""60.68"",""_c42"":""1.0536537103268"",""Independent_34"":""1.04306028439816"",""_file_path"":""s3://myfirstbucket-tamuda/Construction%20Projects%201/Construction%20Projects%20Dataset%202.csv"",""_c7"":"""",""Independent_33"":""1.07"",""_c26"":"" 1.00 "",""_c2"":"""",""_c41"":"""",""Independent_35"":"" 31,797 "",""_c6"":"""",""Independent_31"":""1.11""}"
null,null,null,null,null,null,null,null,null,null,null,"{""_c11"":"""",""_c18"":"""",""_c10"":"""","" Time dependent _20"":"""",""_c0"":"""","" Time dependent _16"":"""",""_c4"":"""",""_c1"":"""","" Time dependent _23"":"""",""Independent_30"":"""",""_c12"":"""",""Independent_38"":"""",""Independent_36"":"""",""_c29"":"""",""_c21"":"""",""_c13"":"""",""Independent_37"":"""",""_c3"":"""",""Independent_39"":"""",""_c5"":"""",""Independent_32"":"""","" Time dependent _19"":"""",""_c9"":"""",""_c28"":"""",""_c22"":"""",""_c14"":"""",""_c8"":"""",""_c25"":"""",""_c17"":"""",""Independent_40"":"""",""_c42"":"""",""Independent_34"":"""",""_file_path"":""s3://myfirstbucket-tamuda/Construction%20Projects%201/Construction%20Projects%20Dataset%202.csv"",""_c7"":"""",""Independent_33"":"""",""_c26"":"""",""_c2"":"""",""_c41"":"""",""Independent_35"":"""",""_c6"":"""",""Independent_31"":""""}"
null,null,null,null,null,null,null,null,null,null,null,"{""_c11"":"""",""_c18"":"""",""_c10"":"""","" Time dependent _20"":"""",""_c0"":"""","" Time dependent _16"":"""",""_c4"":"""",""_c1"":"""","" Time dependent _23"":"""",""Independent_30"":"""",""_c12"":"""",""Independent_38"":"""",""Independent_36"":"""",""_c29"":"""",""_c21"":"""",""_c13"":"""",""Independent_37"":"""",""_c3"":"""",""Independent_39"":"""",""_c5"":"""",""Independent_32"":"""","" Time dependent _19"":"""",""_c9"":"""",""_c28"":"""",""_c22"":"""",""_c14"":"""",""_c8"":"""",""_c25"":"""",""_c17"":"""",""Independent_40"":"""",""_c42"":"""",""Independent_34"":"""",""_file_path"":""s3://myfirstbucket-tamuda/Construction%20Projects%201/Construction%20Projects%20Dataset%202.csv"",""_c7"":"""",""Independent_33"":"""",""_c26"":"""",""_c2"":"""",""_c41"":"""",""Independent_35"":"""",""_c6"":"""",""Independent_31"":""""}"
null,null,null,null,null,null,null,null,null,null,null,"{""_c11"":"""",""_c18"":"""",""_c10"":"""","" Time dependent _20"":"""",""_c0"":"""","" Time dependent _16"":"""",""_c4"":"""",""_c1"":"""","" Time dependent _23"":"""",""Independent_30"":"""",""_c12"":"""",""Independent_38"":"""",""Independent_36"":"""",""_c29"":"""",""_c21"":"""",""_c13"":"""",""Independent_37"":"""",""_c3"":"""",""Independent_39"":"""",""_c5"":"""",""Independent_32"":"""","" Time dependent _19"":"""",""_c9"":"""",""_c28"":"""",""_c22"":"""",""_c14"":"""",""_c8"":"""",""_c25"":"""",""_c17"":"""",""Independent_40"":"""",""_c42"":"""",""Independent_34"":"""",""_file_path"":""s3://myfirstbucket-tamuda/Construction%20Projects%201/Construction%20Projects%20Dataset%202.csv"",""_c7"":"""",""Independent_33"":"""",""_c26"":"""",""_c2"":"""",""_c41"":"""",""Independent_35"":"""",""_c6"":"""",""Independent_31"":""""}"
null,null,null,null,null,null,null,null,null,null,null,"{""_c11"":""1"",""_c18"":"" 0.01 "",""_c10"":""22"","" Time dependent _20"":"" 1.00 "",""_c0"":""B"","" Time dependent _16"":"" 0.03 "",""_c4"":""16"",""_c1"":"" 7,707 "","" Time dependent _23"":"" 0.03 "",""Independent_30"":"" 0.34 "",""_c12"":""Project-H-1"",""Independent_38"":""0.99"",""Independent_36"":""16"",""_c29"":"" 0.34 "",""_c21"":"" 0.03 "",""_c13"":"" 0.05 "",""Independent_37"":"" 153,500,000 "",""_c3"":""14"",""Independent_39"":""99.46"",""_c5"":""1"",""Independent_32"":""1.47"","" Time dependent _19"":"" 0.01 "",""_c9"":"" 153,500,000 "",""_c28"":"" 0.34 "",""_c22"":"" 0.03 "",""_c14"":"" 0.05 "",""_c8"":""695"",""_c25"":"" 0.40 "",""_c17"":"" 0.01 "",""Independent_40"":""55.37"",""_c42"":""0.902724328154"",""Independent_34"":""0.99959831291424"",""_file_path"":""s3://myfirstbucket-tamuda/Construction%20Projects%201/Construction%20Projects%20Dataset%202.csv"",""_c7"":""2003-10-20"",""Independent_33"":""1"",""_c26"":"" 0.40 "",""_c2"":""2"",""_c41"":""1.05035971223022"",""Independent_35"":"" 7,707 "",""_c6"":""2001-11-24"",""Independent_31"":""0.49""}"
null,null,null,null,null,null,null,null,null,null,null,"{""_c11"":""2"",""_c18"":"" 0.07 "",""_c10"":"""","" Time dependent _20"":"" 1.00 "",""_c0"":"""","" Time dependent _16"":"" 0.06 "",""_c4"":"""",""_c1"":"""","" Time dependent _23"":"" 0.06 "",""Independent_30"":"" 1.22 "",""_c12"":""Project-H-2"",""Independent_38"":""-0.52"",""Independent_36"":""16"",""_c29"":"" 1.22 "",""_c21"":"" 0.06 "",""_c13"":"" 0.10 "",""Independent_37"":"" 153,500,000 "",""_c3"":"""",""Independent_39"":""107.94"",""_c5"":"""",""Independent_32"":""1.14"","" Time dependent _19"":"" 0.07 "",""_c9"":"""",""_c28"":"" 1.22 "",""_c22"":"" 0.06 "",""_c14"":"" 0.10 "",""_c8"":"""",""_c25"":"" 1.09 "",""_c17"":"" 0.07 "",""Independent_40"":""55.66"",""_c42"":""0.9316629610092"",""Independent_34"":""1.00030126531432"",""_file_path"":""s3://myfirstbucket-tamuda/Construction%20Projects%201/Construction%20Projects%20Dataset%202.csv"",""_c7"":"""",""Independent_33"":""1"",""_c26"":"" 1.09 "",""_c2"":"""",""_c41"":""1.00575539568345"",""Independent_35"":"" 7,707 "",""_c6"":"""",""Independent_31"":""1.38""}"
null,null,null,null,null,null,null,null,null,null,null,"{""_c11"":""3"",""_c18"":"" 0.10 "",""_c10"":"""","" Time dependent _20"":"" 1.00 "",""_c0"":"""","" Time dependent _16"":"" 0.11 "",""_c4"":"""",""_c1"":"""","" Time dependent _23"":"" 0.09 "",""Independent_30"":"" 1.09 "",""_c12"":""Project-H-3"",""Independent_38"":""-2.68"",""Independent_36"":""16"",""_c29"":"" 1.09 "",""_c21"":"" 0.09 "",""_c13"":"" 0.14 "",""Independent_37"":"" 153,500,000 "",""_c3"":"""",""Independent_39"":""107.94"",""_c5"":"""",""Independent_32"":""1.57"","" Time dependent _19"":"" 0.10 "",""_c9"":"""",""_c28"":"" 1.09 "",""_c22"":"" 0.09 "",""_c14"":"" 0.14 "",""_c8"":"""",""_c25"":"" 0.96 "",""_c17"":"" 0.10 "",""Independent_40"":""56.06"",""_c42"":""0.9424064857948"",""Independent_34"":""1.00311307491464"",""_file_path"":""s3://myfirstbucket-tamuda/Construction%20Projects%201/Construction%20Projects%20Dataset%202.csv"",""_c7"":"""",""Independent_33"":""1"",""_c26"":"" 0.96 "",""_c2"":"""",""_c41"":""0.964028776978417"",""Independent_35"":"" 7,707 "",""_c6"":"""",""Independent_31"":""1.71""}"
null,null,null,null,null,null,null,null,null,null,null,"{""_c11"":""4"",""_c18"":"" 0.12 "",""_c10"":"""","" Time dependent _20"":"" 1.00 "",""_c0"":"""","" Time dependent _16"":"" 0.14 "",""_c4"":"""",""_c1"":"""","" Time dependent _23"":"" 0.11 "",""Independent_30"":"" 1.04 "",""_c12"":""Project-H-4"",""Independent_38"":""-0.55"",""Independent_36"":""16"",""_c29"":"" 1.04 "",""_c21"":"" 0.11 "",""_c13"":"" 0.18 "",""Independent_37"":"" 153,500,000 "",""_c3"":"""",""Independent_39"":""107.94"",""_c5"":"""",""Independent_32"":""1.38"","" Time dependent _19"":"" 0.12 "",""_c9"":"""",""_c28"":"" 1.04 "",""_c22"":"" 0.11 "",""_c14"":"" 0.18 "",""_c8"":"""",""_c25"":"" 0.80 "",""_c17"":"" 0.12 "",""Independent_40"":""56.36"",""_c42"":""0.9475025912548"",""Independent_34"":""1.00572404097208"",""_file_path"":""s3://myfirstbucket-tamuda/Construction%20Projects%201/Construction%20Projects%20Dataset%202.csv"",""_c7"":"""",""Independent_33"":""1"",""_c26"":"" 0.80 "",""_c2"":"""",""_c41"":""0.920863309352518"",""Independent_35"":"" 7,707 "",""_c6"":"""",""Independent_31"":""1.44""}"
null,null,null,null,null,null,null,null,null,null,null,"{""_c11"":""5"",""_c18"":"" 0.12 "",""_c10"":"""","" Time dependent _20"":"" 1.00 "",""_c0"":"""","" Time dependent _16"":"" 0.18 "",""_c4"":"""",""_c1"":"""","" Time dependent _23"":"" 0.14 "",""Independent_30"":"" 0.85 "",""_c12"":""Project-H-5"",""Independent_38"":""-0.0600000000000001"",""Independent_36"":""16"",""_c29"":"" 0.85 "",""_c21"":"" 0.14 "",""_c13"":"" 0.23 "",""Independent_37"":"" 153,500,000 "",""_c3"":"""",""Independent_39"":""107.94"",""_c5"":"""",""Independent_32"":""1.38"","" Time dependent _19"":"" 0.12 "",""_c9"":"""",""_c28"":"" 0.85 "",""_c22"":"" 0.14 "",""_c14"":"" 0.23 "",""_c8"":"""",""_c25"":"" 0.66 "",""_c17"":"" 0.12 "",""Independent_40"":""56.79"",""_c42"":""0.9884199499832"",""Independent_34"":""1.010042177144"",""_file_path"":""s3://myfirstbucket-tamuda/Construction%20Projects%201/Construction%20Projects%20Dataset%202.csv"",""_c7"":"""",""Independent_33"":""1"",""_c26"":"" 0.66 "",""_c2"":"""",""_c41"":""0.876258992805755"",""Independent_35"":"" 7,707 "",""_c6"":"""",""Independent_31"":""1.18""}"
null,null,null,null,null,null,null,null,null,null,null,"{""_c11"":""6"",""_c18"":"" 0.22 "",""_c10"":"""","" Time dependent _20"":"" 1.00 "",""_c0"":"""","" Time dependent _16"":"" 0.22 "",""_c4"":"""",""_c1"":"""","" Time dependent _23"":"" 0.21 "",""Independent_30"":"" 1.05 "",""_c12"":""Project-H-6"",""Independent_38"":""-0.12"",""Independent_36"":""16"",""_c29"":"" 1.05 "",""_c21"":"" 0.21 "",""_c13"":"" 0.31 "",""Independent_37"":"" 153,500,000 "",""_c3"":"""",""Independent_39"":""107.94"",""_c5"":"""",""Independent_32"":""0.95"","" Time dependent _19"":"" 0.22 "",""_c9"":"""",""_c28"":"" 1.05 "",""_c22"":"" 0.21 "",""_c14"":"" 0.31 "",""_c8"":"""",""_c25"":"" 1.01 "",""_c17"":"" 0.22 "",""Independent_40"":""58.67"",""_c42"":""0.9618123587068"",""Independent_34"":""1.02952400080337"",""_file_path"":""s3://myfirstbucket-tamuda/Construction%20Projects%201/Construction%20Projects%20Dataset%202.csv"",""_c7"":"""",""Independent_33"":""1"",""_c26"":"" 1.01 "",""_c2"":"""",""_c41"":""0.788489208633094"",""Independent_35"":"" 7,707 "",""_c6"":"""",""Independent_31"":""0.99""}"
null,null,null,null,null,null,null,null,null,null,null,"{""_c11"":""7"",""_c18"":"" 0.26 "",""_c10"":"""","" Time dependent _20"":"" 1.00 "",""_c0"":"""","" Time dependent _16"":"" 0.26 "",""_c4"":"""",""_c1"":"""","" Time dependent _23"":"" 0.24 "",""Independent_30"":"" 1.08 "",""_c12"":""Project-H-7"",""Independent_38"":""0.68"",""Independent_36"":""16"",""_c29"":"" 1.09 "",""_c21"":"" 0.24 "",""_c13"":"" 0.36 "",""Independent_37"":"" 153,500,000 "",""_c3"":"""",""Independent_39"":""107.94"",""_c5"":"""",""Independent_32"":""1.14"","" Time dependent _19"":"" 0.26 "",""_c9"":"""",""_c28"":"" 1.08 "",""_c22"":"" 0.23 "",""_c14"":"" 0.36 "",""_c8"":"""",""_c25"":"" 0.98 "",""_c17"":"" 0.26 "",""Independent_40"":""58.73"",""_c42"":""0.9355359534528"",""Independent_34"":""1.03042779674633"",""_file_path"":""s3://myfirstbucket-tamuda/Construction%20Projects%201/Construction%20Projects%20Dataset%202.csv"",""_c7"":"""",""Independent_33"":""1"",""_c26"":"" 0.98 "",""_c2"":"""",""_c41"":""0.745323741007194"",""Independent_35"":"" 7,707 "",""_c6"":"""",""Independent_31"":""1.23""}"
null,null,null,null,null,null,null,null,null,null,null,"{""_c11"":""8"",""_c18"":"" 0.37 "",""_c10"":"""","" Time dependent _20"":"" 1.00 "",""_c0"":"""","" Time dependent _16"":"" 0.29 "",""_c4"":"""",""_c1"":"""","" Time dependent _23"":"" 0.35 "",""Independent_30"":"" 1.06 "",""_c12"":""Project-H-8"",""Independent_38"":""0.37"",""Independent_36"":""16"",""_c29"":"" 1.06 "",""_c21"":"" 0.35 "",""_c13"":"" 0.49 "",""Independent_37"":"" 153,500,000 "",""_c3"":"""",""Independent_39"":""107.94"",""_c5"":"""",""Independent_32"":""1.11"","" Time dependent _19"":"" 0.37 "",""_c9"":"""",""_c28"":"" 1.06 "",""_c22"":"" 0.35 "",""_c14"":"" 0.49 "",""_c8"":"""",""_c25"":"" 1.26 "",""_c17"":"" 0.37 "",""Independent_40"":""57.76"",""_c42"":""0.933599079204"",""Independent_34"":""1.01938140188793"",""_file_path"":""s3://myfirstbucket-tamuda/Construction%20Projects%201/Construction%20Projects%20Dataset%202.csv"",""_c7"":"""",""Independent_33"":""1"",""_c26"":"" 1.26 "",""_c2"":"""",""_c41"":""0.61294964028777"",""Independent_35"":"" 7,707 "",""_c6"":"""",""Independent_31"":""1.17""}"
null,null,null,null,null,null,null,null,null,null,null,"{""_c11"":""9"",""_c18"":"" 0.37 "",""_c10"":"""","" Time dependent _20"":"" 1.00 "",""_c0"":"""","" Time dependent _16"":"" 0.34 "",""_c4"":"""",""_c1"":"""","" Time dependent _23"":"" 0.40 "",""Independent_30"":"" 0.93 "",""_c12"":""Project-H-9"",""Independent_38"":""-0.0899999999999999"",""Independent_36"":""16"",""_c29"":"" 0.93 "",""_c21"":"" 0.40 "",""_c13"":"" 0.53 "",""Independent_37"":"" 153,500,000 "",""_c3"":"""",""Independent_39"":""107.94"",""_c5"":"""",""Independent_32"":""1.11"","" Time dependent _19"":"" 0.37 "",""_c9"":"""",""_c28"":"" 0.93 "",""_c22"":"" 0.40 "",""_c14"":"" 0.53 "",""_c8"":"""",""_c25"":"" 1.10 "",""_c17"":"" 0.37 "",""Independent_40"":""57.97"",""_c42"":""0.9815697148648"",""Independent_34"":""1.02108857200241"",""_file_path"":""s3://myfirstbucket-tamuda/Construction%20Projects%201/Construction%20Projects%20Dataset%202.csv"",""_c7"":"""",""Independent_33"":""1"",""_c26"":"" 1.10 "",""_c2"":"""",""_c41"":""0.568345323741007"",""Independent_35"":"" 7,707 "",""_c6"":"""",""Independent_31"":""1.03""}"
null,null,null,null,null,null,null,null,null,null,null,"{""_c11"":""10"",""_c18"":"" 0.45 "",""_c10"":"""","" Time dependent _20"":"" 1.01 "",""_c0"":"""","" Time dependent _16"":"" 0.38 "",""_c4"":"""",""_c1"":"""","" Time dependent _23"":"" 0.44 "",""Independent_30"":"" 1.03 "",""_c12"":""Project-H-10"",""Independent_38"":""0.74"",""Independent_36"":""16"",""_c29"":"" 1.03 "",""_c21"":"" 0.44 "",""_c13"":"" 0.58 "",""Independent_37"":"" 153,500,000 "",""_c3"":"""",""Independent_39"":""107.94"",""_c5"":"""",""Independent_32"":""1.18"","" Time dependent _19"":"" 0.45 "",""_c9"":"""",""_c28"":"" 1.03 "",""_c22"":"" 0.43 "",""_c14"":"" 0.58 "",""_c8"":"""",""_c25"":"" 1.18 "",""_c17"":"" 0.45 "",""Independent_40"":""58.47"",""_c42"":""0.9339250839272"",""Independent_34"":""1.02369953805985"",""_file_path"":""s3://myfirstbucket-tamuda/Construction%20Projects%201/Construction%20Projects%20Dataset%202.csv"",""_c7"":"""",""Independent_33"":""1"",""_c26"":"" 1.18 "",""_c2"":"""",""_c41"":""0.525179856115108"",""Independent_35"":"" 7,707 "",""_c6"":"""",""Independent_31"":""1.22""}"
null,null,null,null,null,null,null,null,null,null,null,"{""_c11"":""11"",""_c18"":"" 0.49 "",""_c10"":"""","" Time dependent _20"":"" 1.00 "",""_c0"":"""","" Time dependent _16"":"" 0.43 "",""_c4"":"""",""_c1"":"""","" Time dependent _23"":"" 0.48 "",""Independent_30"":"" 1.03 "",""_c12"":""Project-H-11"",""Independent_38"":""-0.62"",""Independent_36"":""16"",""_c29"":"" 1.03 "",""_c21"":"" 0.48 "",""_c13"":"" 0.62 "",""Independent_37"":"" 153,500,000 "",""_c3"":"""",""Independent_39"":""107.44"",""_c5"":"""",""Independent_32"":""1.08"","" Time dependent _19"":"" 0.49 "",""_c9"":"""",""_c28"":"" 1.03 "",""_c22"":"" 0.48 "",""_c14"":"" 0.62 "",""_c8"":"""",""_c25"":"" 1.15 "",""_c17"":"" 0.49 "",""Independent_40"":""59.47"",""_c42"":""0.9445900538704"",""Independent_34"":""1.03394255874674"",""_file_path"":""s3://myfirstbucket-tamuda/Construction%20Projects%201/Construction%20Projects%20Dataset%202.csv"",""_c7"":"""",""Independent_33"":""1"",""_c26"":"" 1.15 "",""_c2"":"""",""_c41"":""0.480575539568345"",""Independent_35"":"" 7,707 "",""_c6"":"""",""Independent_31"":""1.11""}"
null,null,null,null,null,null,null,null,null,null,null,"{""_c11"":""12"",""_c18"":"" 0.53 "",""_c10"":"""","" Time dependent _20"":"" 1.01 "",""_c0"":"""","" Time dependent _16"":"" 0.47 "",""_c4"":"""",""_c1"":"""","" Time dependent _23"":"" 0.51 "",""Independent_30"":"" 1.05 "",""_c12"":""Project-H-12"",""Independent_38"":""-2.06"",""Independent_36"":""16"",""_c29"":"" 1.05 "",""_c21"":"" 0.51 "",""_c13"":"" 0.66 "",""Independent_37"":"" 153,500,000 "",""_c3"":"""",""Independent_39"":""107.44"",""_c5"":"""",""Independent_32"":""1.05"","" Time dependent _19"":"" 0.53 "",""_c9"":"""",""_c28"":"" 1.05 "",""_c22"":"" 0.51 "",""_c14"":"" 0.66 "",""_c8"":"""",""_c25"":"" 1.15 "",""_c17"":"" 0.53 "",""Independent_40"":""61.04"",""_c42"":""0.9372168351248"",""Independent_34"":""1.05151636874874"",""_file_path"":""s3://myfirstbucket-tamuda/Construction%20Projects%201/Construction%20Projects%20Dataset%202.csv"",""_c7"":"""",""Independent_33"":""1"",""_c26"":"" 1.15 "",""_c2"":"""",""_c41"":""0.438848920863309"",""Independent_35"":"" 7,707 "",""_c6"":"""",""Independent_31"":""1.11""}"
null,null,null,null,null,null,null,null,null,null,null,"{""_c11"":""13"",""_c18"":"" 0.58 "",""_c10"":"""","" Time dependent _20"":"" 1.01 "",""_c0"":"""","" Time dependent _16"":"" 0.51 "",""_c4"":"""",""_c1"":"""","" Time dependent _23"":"" 0.53 "",""Independent_30"":"" 1.10 "",""_c12"":""Project-H-13"",""Independent_38"":""-0.14"",""Independent_36"":""16"",""_c29"":"" 1.10 "",""_c21"":"" 0.53 "",""_c13"":"" 0.71 "",""Independent_37"":"" 153,500,000 "",""_c3"":"""",""Independent_39"":""107.44"",""_c5"":"""",""Independent_32"":""1.08"","" Time dependent _19"":"" 0.58 "",""_c9"":"""",""_c28"":"" 1.10 "",""_c22"":"" 0.52 "",""_c14"":"" 0.71 "",""_c8"":"""",""_c25"":"" 1.13 "",""_c17"":"" 0.58 "",""Independent_40"":""62.06"",""_c42"":""0.9197307393912"",""Independent_34"":""1.06306487246435"",""_file_path"":""s3://myfirstbucket-tamuda/Construction%20Projects%201/Construction%20Projects%20Dataset%202.csv"",""_c7"":"""",""Independent_33"":""1.01"",""_c26"":"" 1.13 "",""_c2"":"""",""_c41"":""0.39568345323741"",""Independent_35"":"" 7,707 "",""_c6"":"""",""Independent_31"":""1.19""}"
null,null,null,null,null,null,null,null,null,null,null,"{""_c11"":""14"",""_c18"":"" 0.63 "",""_c10"":"""","" Time dependent _20"":"" 1.01 "",""_c0"":"""","" Time dependent _16"":"" 0.54 "",""_c4"":"""",""_c1"":"""","" Time dependent _23"":"" 0.58 "",""Independent_30"":"" 1.09 "",""_c12"":""Project-H-14"",""Independent_38"":""-0.2"",""Independent_36"":""16"",""_c29"":"" 1.09 "",""_c21"":"" 0.58 "",""_c13"":"" 0.75 "",""Independent_37"":"" 153,500,000 "",""_c3"":"""",""Independent_39"":""107.44"",""_c5"":"""",""Independent_32"":""1.06"","" Time dependent _19"":"" 0.63 "",""_c9"":"""",""_c28"":"" 1.09 "",""_c22"":"" 0.58 "",""_c14"":"" 0.75 "",""_c8"":"""",""_c25"":"" 1.16 "",""_c17"":"" 0.63 "",""Independent_40"":""61.72"",""_c42"":""0.91815917648"",""Independent_34"":""1.05914842337819"",""_file_path"":""s3://myfirstbucket-tamuda/Construction%20Projects%201/Construction%20Projects%20Dataset%202.csv"",""_c7"":"""",""Independent_33"":""1"",""_c26"":"" 1.16 "",""_c2"":"""",""_c41"":""0.351079136690647"",""Independent_35"":"" 7,707 "",""_c6"":"""",""Independent_31"":""1.15""}"
null,null,null,null,null,null,null,null,null,null,null,"{""_c11"":""15"",""_c18"":"" 0.70 "",""_c10"":"""","" Time dependent _20"":"" 1.01 "",""_c0"":"""","" Time dependent _16"":"" 0.60 "",""_c4"":"""",""_c1"":"""","" Time dependent _23"":"" 0.62 "",""Independent_30"":"" 1.12 "",""_c12"":""Project-H-15"",""Independent_38"":""-0.53"",""Independent_36"":""16"",""_c29"":"" 1.12 "",""_c21"":"" 0.63 "",""_c13"":"" 0.79 "",""Independent_37"":"" 153,500,000 "",""_c3"":"""",""Independent_39"":""107.44"",""_c5"":"""",""Independent_32"":""1.01"","" Time dependent _19"":"" 0.70 "",""_c9"":"""",""_c28"":"" 1.12 "",""_c22"":"" 0.62 "",""_c14"":"" 0.79 "",""_c8"":"""",""_c25"":"" 1.15 "",""_c17"":"" 0.70 "",""Independent_40"":""60.96"",""_c42"":""0.9297254712372"",""Independent_34"":""1.04970877686282"",""_file_path"":""s3://myfirstbucket-tamuda/Construction%20Projects%201/Construction%20Projects%20Dataset%202.csv"",""_c7"":"""",""Independent_33"":""1.01"",""_c26"":"" 1.15 "",""_c2"":"""",""_c41"":""0.307913669064748"",""Independent_35"":"" 7,707 "",""_c6"":"""",""Independent_31"":""1.13""}"
null,null,null,null,null,null,null,null,null,null,null,"{""_c11"":""16"",""_c18"":"" 0.76 "",""_c10"":"""","" Time dependent _20"":"" 1.01 "",""_c0"":"""","" Time dependent _16"":"" 0.66 "",""_c4"":"""",""_c1"":"""","" Time dependent _23"":"" 0.70 "",""Independent_30"":"" 1.08 "",""_c12"":""Project-H-16"",""Independent_38"":""-0.78"",""Independent_36"":""16"",""_c29"":"" 1.08 "",""_c21"":"" 0.71 "",""_c13"":"" 0.84 "",""Independent_37"":"" 153,500,000 "",""_c3"":"""",""Independent_39"":""107.44"",""_c5"":"""",""Independent_32"":""0.93"","" Time dependent _19"":"" 0.76 "",""_c9"":"""",""_c28"":"" 1.08 "",""_c22"":"" 0.70 "",""_c14"":"" 0.84 "",""_c8"":"""",""_c25"":"" 1.15 "",""_c17"":"" 0.76 "",""Independent_40"":""60.68"",""_c42"":""0.9679683908284"",""Independent_34"":""1.04599317131954"",""_file_path"":""s3://myfirstbucket-tamuda/Construction%20Projects%201/Construction%20Projects%20Dataset%202.csv"",""_c7"":"""",""Independent_33"":""1.01"",""_c26"":"" 1.15 "",""_c2"":"""",""_c41"":""0.263309352517986"",""Independent_35"":"" 7,707 "",""_c6"":"""",""Independent_31"":""1""}"
null,null,null,null,null,null,null,null,null,null,null,"{""_c11"":""17"",""_c18"":"" 0.83 "",""_c10"":"""","" Time dependent _20"":"" 1.02 "",""_c0"":"""","" Time dependent _16"":"" 0.72 "",""_c4"":"""",""_c1"":"""","" Time dependent _23"":"" 0.76 "",""Independent_30"":"" 1.10 "",""_c12"":""Project-H-17"",""Independent_38"":""0.13"",""Independent_36"":""16"",""_c29"":"" 1.10 "",""_c21"":"" 0.76 "",""_c13"":"" 0.88 "",""Independent_37"":"" 153,500,000 "",""_c3"":"""",""Independent_39"":""107.44"",""_c5"":"""",""Independent_32"":""0.9"","" Time dependent _19"":"" 0.83 "",""_c9"":"""",""_c28"":"" 1.10 "",""_c22"":"" 0.75 "",""_c14"":"" 0.88 "",""_c8"":"""",""_c25"":"" 1.16 "",""_c17"":"" 0.84 "",""Independent_40"":""61.45"",""_c42"":""0.9684093029472"",""Independent_34"":""1.05392649126331"",""_file_path"":""s3://myfirstbucket-tamuda/Construction%20Projects%201/Construction%20Projects%20Dataset%202.csv"",""_c7"":"""",""Independent_33"":""1.01"",""_c26"":"" 1.16 "",""_c2"":"""",""_c41"":""0.220143884892086"",""Independent_35"":"" 7,707 "",""_c6"":"""",""Independent_31"":""1""}"
null,null,null,null,null,null,null,null,null,null,null,"{""_c11"":""18"",""_c18"":"" 0.86 "",""_c10"":"""","" Time dependent _20"":"" 1.02 "",""_c0"":"""","" Time dependent _16"":"" 0.79 "",""_c4"":"""",""_c1"":"""","" Time dependent _23"":"" 0.80 "",""Independent_30"":"" 1.08 "",""_c12"":""Project-H-18"",""Independent_38"":""0.04"",""Independent_36"":""16"",""_c29"":"" 1.08 "",""_c21"":"" 0.80 "",""_c13"":"" 0.93 "",""Independent_37"":"" 153,500,000 "",""_c3"":"""",""Independent_39"":""107.44"",""_c5"":"""",""Independent_32"":""0.87"","" Time dependent _19"":"" 0.86 "",""_c9"":"""",""_c28"":"" 1.08 "",""_c22"":"" 0.80 "",""_c14"":"" 0.93 "",""_c8"":"""",""_c25"":"" 1.09 "",""_c17"":"" 0.87 "",""Independent_40"":""61.92"",""_c42"":""0.979710289176"",""Independent_34"":""1.05894757983531"",""_file_path"":""s3://myfirstbucket-tamuda/Construction%20Projects%201/Construction%20Projects%20Dataset%202.csv"",""_c7"":"""",""Independent_33"":""1.01"",""_c26"":"" 1.09 "",""_c2"":"""",""_c41"":""0.175539568345324"",""Independent_35"":"" 7,707 "",""_c6"":"""",""Independent_31"":""0.94""}"
null,null,null,null,null,null,null,null,null,null,null,"{""_c11"":""19"",""_c18"":"" 0.91 "",""_c10"":"""","" Time dependent _20"":"" 1.02 "",""_c0"":"""","" Time dependent _16"":"" 0.86 "",""_c4"":"""",""_c1"":"""","" Time dependent _23"":"" 0.84 "",""Independent_30"":"" 1.09 "",""_c12"":""Project-H-19"",""Independent_38"":""0.53"",""Independent_36"":""16"",""_c29"":"" 1.09 "",""_c21"":"" 0.84 "",""_c13"":"" 0.97 "",""Independent_37"":"" 153,500,000 "",""_c3"":"""",""Independent_39"":""107.44"",""_c5"":"""",""Independent_32"":""0.97"","" Time dependent _19"":"" 0.92 "",""_c9"":"""",""_c28"":"" 1.09 "",""_c22"":"" 0.84 "",""_c14"":"" 0.97 "",""_c8"":"""",""_c25"":"" 1.06 "",""_c17"":"" 0.92 "",""Independent_40"":""62.1"",""_c42"":""0.9709312239852"",""Independent_34"":""1.06075517172123"",""_file_path"":""s3://myfirstbucket-tamuda/Construction%20Projects%201/Construction%20Projects%20Dataset%202.csv"",""_c7"":"""",""Independent_33"":""1.01"",""_c26"":"" 1.06 "",""_c2"":"""",""_c41"":""0.130935251798561"",""Independent_35"":"" 7,707 "",""_c6"":"""",""Independent_31"":""1.06""}"
null,null,null,null,null,null,null,null,null,null,null,"{""_c11"":""20"",""_c18"":"" 0.97 "",""_c10"":"""","" Time dependent _20"":"" 1.02 "",""_c0"":"""","" Time dependent _16"":"" 0.89 "",""_c4"":"""",""_c1"":"""","" Time dependent _23"":"" 0.86 "",""Independent_30"":"" 1.14 "",""_c12"":""Project-H-20"",""Independent_38"":""1.46"",""Independent_36"":""16"",""_c29"":"" 1.14 "",""_c21"":"" 0.87 "",""_c13"":"" 1.01 "",""Independent_37"":"" 153,500,000 "",""_c3"":"""",""Independent_39"":""107.44"",""_c5"":"""",""Independent_32"":""0.95"","" Time dependent _19"":"" 0.98 "",""_c9"":"""",""_c28"":"" 1.14 "",""_c22"":"" 0.85 "",""_c14"":"" 1.01 "",""_c8"":"""",""_c25"":"" 1.08 "",""_c17"":"" 0.99 "",""Independent_40"":""62.09"",""_c42"":""0.9532697085592"",""Independent_34"":""1.06045390640691"",""_file_path"":""s3://myfirstbucket-tamuda/Construction%20Projects%201/Construction%20Projects%20Dataset%202.csv"",""_c7"":"""",""Independent_33"":""1.02"",""_c26"":"" 1.08 "",""_c2"":"""",""_c41"":""0.0877697841726619"",""Independent_35"":"" 7,707 "",""_c6"":"""",""Independent_31"":""1.09""}"
null,null,null,null,null,null,null,null,null,null,null,"{""_c11"":""21"",""_c18"":"" 0.99 "",""_c10"":"""","" Time dependent _20"":"" 1.02 "",""_c0"":"""","" Time dependent _16"":"" 0.99 "",""_c4"":"""",""_c1"":"""","" Time dependent _23"":"" 0.94 "",""Independent_30"":"" 1.07 "",""_c12"":""Project-H-21"",""Independent_38"":""-0.5"",""Independent_36"":""16"",""_c29"":"" 1.07 "",""_c21"":"" 0.94 "",""_c13"":"" 1.06 "",""Independent_37"":"" 153,500,000 "",""_c3"":"""",""Independent_39"":""107.44"",""_c5"":"""",""Independent_32"":""0.95"","" Time dependent _19"":"" 1.00 "",""_c9"":"""",""_c28"":"" 1.07 "",""_c22"":"" 0.93 "",""_c14"":"" 1.06 "",""_c8"":"""",""_c25"":"" 1.00 "",""_c17"":"" 1.01 "",""Independent_40"":""62.65"",""_c42"":""1.0027319453104"",""Independent_34"":""1.06748343040771"",""_file_path"":""s3://myfirstbucket-tamuda/Construction%20Projects%201/Construction%20Projects%20Dataset%202.csv"",""_c7"":"""",""Independent_33"":""1.02"",""_c26"":"" 1.00 "",""_c2"":"""",""_c41"":""0.0431654676258993"",""Independent_35"":"" 7,707 "",""_c6"":"""",""Independent_31"":""1.01""}"
null,null,null,null,null,null,null,null,null,null,null,"{""_c11"":""22"",""_c18"":"" 1.00 "",""_c10"":"""","" Time dependent _20"":"" 1.02 "",""_c0"":"""","" Time dependent _16"":"" 1.00 "",""_c4"":"""",""_c1"":"""","" Time dependent _23"":"" 0.94 "",""Independent_30"":"" 1.08 "",""_c12"":""Project-H-22"",""Independent_38"":""0.54"",""Independent_36"":""16"",""_c29"":"" 1.08 "",""_c21"":"" 0.94 "",""_c13"":"" 1.10 "",""Independent_37"":"" 153,500,000 "",""_c3"":"""",""Independent_39"":""107.44"",""_c5"":"""",""Independent_32"":""1"","" Time dependent _19"":"" 1.01 "",""_c9"":"""",""_c28"":"" 1.08 "",""_c22"":"" 0.93 "",""_c14"":"" 1.10 "",""_c8"":"""",""_c25"":"" 1.00 "",""_c17"":"" 1.02 "",""Independent_40"":""64.64"",""_c42"":""0.9744581431468"",""Independent_34"":""1.0902791725246"",""_file_path"":""s3://myfirstbucket-tamuda/Construction%20Projects%201/Construction%20Projects%20Dataset%202.csv"",""_c7"":"""",""Independent_33"":""1.02"",""_c26"":"" 1.00 "",""_c2"":"""",""_c41"":""0"",""Independent_35"":"" 7,707 "",""_c6"":"""",""Independent_31"":""1.08""}"
null,null,null,null,null,null,null,null,null,null,null,"{""_c11"":"""",""_c18"":"""",""_c10"":"""","" Time dependent _20"":"""",""_c0"":"""","" Time dependent _16"":"""",""_c4"":"""",""_c1"":"""","" Time dependent _23"":"""",""Independent_30"":"""",""_c12"":"""",""Independent_38"":"""",""Independent_36"":"""",""_c29"":"""",""_c21"":"""",""_c13"":"""",""Independent_37"":"""",""_c3"":"""",""Independent_39"":"""",""_c5"":"""",""Independent_32"":"""","" Time dependent _19"":"""",""_c9"":"""",""_c28"":"""",""_c22"":"""",""_c14"":"""",""_c8"":"""",""_c25"":"""",""_c17"":"""",""Independent_40"":"""",""_c42"":"""",""Independent_34"":"""",""_file_path"":""s3://myfirstbucket-tamuda/Construction%20Projects%201/Construction%20Projects%20Dataset%202.csv"",""_c7"":"""",""Independent_33"":"""",""_c26"":"""",""_c2"":"""",""_c41"":"""",""Independent_35"":"""",""_c6"":"""",""Independent_31"":""""}"
null,null,null,null,null,null,null,null,null,null,null,"{""_c11"":"""",""_c18"":"""",""_c10"":"""","" Time dependent _20"":"""",""_c0"":"""","" Time dependent _16"":"""",""_c4"":"""",""_c1"":"""","" Time dependent _23"":"""",""Independent_30"":"""",""_c12"":"""",""Independent_38"":"""",""Independent_36"":"""",""_c29"":"""",""_c21"":"""",""_c13"":"""",""Independent_37"":"""",""_c3"":"""",""Independent_39"":"""",""_c5"":"""",""Independent_32"":"""","" Time dependent _19"":"""",""_c9"":"""",""_c28"":"""",""_c22"":"""",""_c14"":"""",""_c8"":"""",""_c25"":"""",""_c17"":"""",""Independent_40"":"""",""_c42"":"""",""Independent_34"":"""",""_file_path"":""s3://myfirstbucket-tamuda/Construction%20Projects%201/Construction%20Projects%20Dataset%202.csv"",""_c7"":"""",""Independent_33"":"""",""_c26"":"""",""_c2"":"""",""_c41"":"""",""Independent_35"":"""",""_c6"":"""",""Independent_31"":""""}"
null,null,null,null,null,null,null,null,null,null,null,"{""_c11"":"""",""_c18"":"""",""_c10"":"""","" Time dependent _20"":"""",""_c0"":"""","" Time dependent _16"":"""",""_c4"":"""",""_c1"":"""","" Time dependent _23"":"""",""Independent_30"":"""",""_c12"":"""",""Independent_38"":"""",""Independent_36"":"""",""_c29"":"""",""_c21"":"""",""_c13"":"""",""Independent_37"":"""",""_c3"":"""",""Independent_39"":"""",""_c5"":"""",""Independent_32"":"""","" Time dependent _19"":"""",""_c9"":"""",""_c28"":"""",""_c22"":"""",""_c14"":"""",""_c8"":"""",""_c25"":"""",""_c17"":"""",""Independent_40"":"""",""_c42"":"""",""Independent_34"":"""",""_file_path"":""s3://myfirstbucket-tamuda/Construction%20Projects%201/Construction%20Projects%20Dataset%202.csv"",""_c7"":"""",""Independent_33"":"""",""_c26"":"""",""_c2"":"""",""_c41"":"""",""Independent_35"":"""",""_c6"":"""",""Independent_31"":""""}"
null,null,null,null,null,null,null,null,null,null,null,"{""_c11"":""1"",""_c18"":"" 0.10 "",""_c10"":""27"","" Time dependent _20"":"" 1.00 "",""_c0"":""C"","" Time dependent _16"":"" 0.10 "",""_c4"":""17"",""_c1"":"" 10,087 "","" Time dependent _23"":"" 0.10 "",""Independent_30"":"" 1.01 "",""_c12"":""Project-I-4"",""Independent_38"":""0.37"",""Independent_36"":""17"",""_c29"":"" 1.01 "",""_c21"":"" 0.10 "",""_c13"":"" 0.18 "",""Independent_37"":"" 216,000,000 "",""_c3"":""14"",""Independent_39"":""107.94"",""_c5"":""1"",""Independent_32"":""0.88"","" Time dependent _19"":"" 0.10 "",""_c9"":"" 216,000,000 "",""_c28"":"" 1.01 "",""_c22"":"" 0.10 "",""_c14"":"" 0.18 "",""_c8"":""749"",""_c25"":"" 1.00 "",""_c17"":"" 0.10 "",""Independent_40"":""57.76"",""_c42"":""0.9813299214692"",""Independent_34"":""0.990148263753414"",""_file_path"":""s3://myfirstbucket-tamuda/Construction%20Projects%201/Construction%20Projects%20Dataset%202.csv"",""_c7"":""2004-07-06"",""Independent_33"":""1"",""_c26"":"" 1.00 "",""_c2"":""3"",""_c41"":""0.894526034712951"",""Independent_35"":"" 10,087 "",""_c6"":""2002-06-18"",""Independent_31"":""0.89""}"
null,null,null,null,null,null,null,null,null,null,null,"{""_c11"":""2"",""_c18"":"" 0.10 "",""_c10"":"""","" Time dependent _20"":"" 1.00 "",""_c0"":"""","" Time dependent _16"":"" 0.10 "",""_c4"":"""",""_c1"":"""","" Time dependent _23"":"" 0.12 "",""Independent_30"":"" 0.88 "",""_c12"":""Project-I-5"",""Independent_38"":""-0.0899999999999999"",""Independent_36"":""17"",""_c29"":"" 0.88 "",""_c21"":"" 0.12 "",""_c13"":"" 0.22 "",""Independent_37"":"" 216,000,000 "",""_c3"":"""",""Independent_39"":""107.94"",""_c5"":"""",""Independent_32"":""0.88"","" Time dependent _19"":"" 0.10 "",""_c9"":"""",""_c28"":"" 0.88 "",""_c22"":"" 0.12 "",""_c14"":"" 0.22 "",""_c8"":"""",""_c25"":"" 1.00 "",""_c17"":"" 0.10 "",""Independent_40"":""57.97"",""_c42"":""0.995512118148"",""Independent_34"":""0.991806476785018"",""_file_path"":""s3://myfirstbucket-tamuda/Construction%20Projects%201/Construction%20Projects%20Dataset%202.csv"",""_c7"":"""",""Independent_33"":""1"",""_c26"":"" 1.00 "",""_c2"":"""",""_c41"":""0.853137516688919"",""Independent_35"":"" 10,087 "",""_c6"":"""",""Independent_31"":""0.78""}"
null,null,null,null,null,null,null,null,null,null,null,"{""_c11"":""3"",""_c18"":"" 0.21 "",""_c10"":"""","" Time dependent _20"":"" 1.00 "",""_c0"":"""","" Time dependent _16"":"" 0.21 "",""_c4"":"""",""_c1"":"""","" Time dependent _23"":"" 0.14 "",""Independent_30"":"" 1.53 "",""_c12"":""Project-I-6"",""Independent_38"":""0.74"",""Independent_36"":""17"",""_c29"":"" 1.53 "",""_c21"":"" 0.14 "",""_c13"":"" 0.26 "",""Independent_37"":"" 216,000,000 "",""_c3"":"""",""Independent_39"":""107.94"",""_c5"":"""",""Independent_32"":""0.97"","" Time dependent _19"":"" 0.21 "",""_c9"":"""",""_c28"":"" 1.53 "",""_c22"":"" 0.14 "",""_c14"":"" 0.26 "",""_c8"":"""",""_c25"":"" 1.00 "",""_c17"":"" 0.21 "",""Independent_40"":""58.47"",""_c42"":""0.8693555996216"",""Independent_34"":""0.994342567303941"",""_file_path"":""s3://myfirstbucket-tamuda/Construction%20Projects%201/Construction%20Projects%20Dataset%202.csv"",""_c7"":"""",""Independent_33"":""1"",""_c26"":"" 1.00 "",""_c2"":"""",""_c41"":""0.813084112149533"",""Independent_35"":"" 10,087 "",""_c6"":"""",""Independent_31"":""1.48""}"
null,null,null,null,null,null,null,null,null,null,null,"{""_c11"":""4"",""_c18"":"" 0.24 "",""_c10"":"""","" Time dependent _20"":"" 1.00 "",""_c0"":"""","" Time dependent _16"":"" 0.24 "",""_c4"":"""",""_c1"":"""","" Time dependent _23"":"" 0.17 "",""Independent_30"":"" 1.41 "",""_c12"":""Project-I-7"",""Independent_38"":""-0.62"",""Independent_36"":""17"",""_c29"":"" 1.41 "",""_c21"":"" 0.17 "",""_c13"":"" 0.30 "",""Independent_37"":"" 216,000,000 "",""_c3"":"""",""Independent_39"":""107.44"",""_c5"":"""",""Independent_32"":""0.95"","" Time dependent _19"":"" 0.24 "",""_c9"":"""",""_c28"":"" 1.41 "",""_c22"":"" 0.17 "",""_c14"":"" 0.30 "",""_c8"":"""",""_c25"":"" 1.00 "",""_c17"":"" 0.24 "",""Independent_40"":""59.47"",""_c42"":""0.8748773647584"",""Independent_34"":""1.00429184549356"",""_file_path"":""s3://myfirstbucket-tamuda/Construction%20Projects%201/Construction%20Projects%20Dataset%202.csv"",""_c7"":"""",""Independent_33"":""1"",""_c26"":"" 1.00 "",""_c2"":"""",""_c41"":""0.771695594125501"",""Independent_35"":"" 10,087 "",""_c6"":"""",""Independent_31"":""1.34""}"
null,null,null,null,null,null,null,null,null,null,null,"{""_c11"":""5"",""_c18"":"" 0.28 "",""_c10"":"""","" Time dependent _20"":"" 1.00 "",""_c0"":"""","" Time dependent _16"":"" 0.28 "",""_c4"":"""",""_c1"":"""","" Time dependent _23"":"" 0.20 "",""Independent_30"":"" 1.37 "",""_c12"":""Project-I-8"",""Independent_38"":""-2.06"",""Independent_36"":""17"",""_c29"":"" 1.37 "",""_c21"":"" 0.20 "",""_c13"":"" 0.34 "",""Independent_37"":"" 216,000,000 "",""_c3"":"""",""Independent_39"":""107.44"",""_c5"":"""",""Independent_32"":""0.82"","" Time dependent _19"":"" 0.28 "",""_c9"":"""",""_c28"":"" 1.37 "",""_c22"":"" 0.20 "",""_c14"":"" 0.34 "",""_c8"":"""",""_c25"":"" 1.00 "",""_c17"":"" 0.28 "",""Independent_40"":""61.04"",""_c42"":""0.8854365974996"",""Independent_34"":""1.02136168552478"",""_file_path"":""s3://myfirstbucket-tamuda/Construction%20Projects%201/Construction%20Projects%20Dataset%202.csv"",""_c7"":"""",""Independent_33"":""1"",""_c26"":"" 1.00 "",""_c2"":"""",""_c41"":""0.732977303070761"",""Independent_35"":"" 10,087 "",""_c6"":"""",""Independent_31"":""1.13""}"
null,null,null,null,null,null,null,null,null,null,null,"{""_c11"":""6"",""_c18"":"" 0.32 "",""_c10"":"""","" Time dependent _20"":"" 1.00 "",""_c0"":"""","" Time dependent _16"":"" 0.32 "",""_c4"":"""",""_c1"":"""","" Time dependent _23"":"" 0.23 "",""Independent_30"":"" 1.40 "",""_c12"":""Project-I-9"",""Independent_38"":""-0.14"",""Independent_36"":""17"",""_c29"":"" 1.40 "",""_c21"":"" 0.23 "",""_c13"":"" 0.38 "",""Independent_37"":"" 216,000,000 "",""_c3"":"""",""Independent_39"":""107.44"",""_c5"":"""",""Independent_32"":""0.9"","" Time dependent _19"":"" 0.32 "",""_c9"":"""",""_c28"":"" 1.40 "",""_c22"":"" 0.23 "",""_c14"":"" 0.38 "",""_c8"":"""",""_c25"":"" 1.00 "",""_c17"":"" 0.32 "",""Independent_40"":""62.06"",""_c42"":""0.8566259878812"",""Independent_34"":""1.03257900897386"",""_file_path"":""s3://myfirstbucket-tamuda/Construction%20Projects%201/Construction%20Projects%20Dataset%202.csv"",""_c7"":"""",""Independent_33"":""1"",""_c26"":"" 1.00 "",""_c2"":"""",""_c41"":""0.692923898531375"",""Independent_35"":"" 10,087 "",""_c6"":"""",""Independent_31"":""1.25""}"
null,null,null,null,null,null,null,null,null,null,null,"{""_c11"":""7"",""_c18"":"" 0.36 "",""_c10"":"""","" Time dependent _20"":"" 1.00 "",""_c0"":"""","" Time dependent _16"":"" 0.36 "",""_c4"":"""",""_c1"":"""","" Time dependent _23"":"" 0.26 "",""Independent_30"":"" 1.36 "",""_c12"":""Project-I-10"",""Independent_38"":""-0.2"",""Independent_36"":""17"",""_c29"":"" 1.36 "",""_c21"":"" 0.26 "",""_c13"":"" 0.42 "",""Independent_37"":"" 216,000,000 "",""_c3"":"""",""Independent_39"":""107.44"",""_c5"":"""",""Independent_32"":""0.92"","" Time dependent _19"":"" 0.36 "",""_c9"":"""",""_c28"":"" 1.36 "",""_c22"":"" 0.26 "",""_c14"":"" 0.42 "",""_c8"":"""",""_c25"":"" 1.00 "",""_c17"":"" 0.36 "",""Independent_40"":""61.72"",""_c42"":""0.8499874015636"",""Independent_34"":""1.02877487319547"",""_file_path"":""s3://myfirstbucket-tamuda/Construction%20Projects%201/Construction%20Projects%20Dataset%202.csv"",""_c7"":"""",""Independent_33"":""1"",""_c26"":"" 1.00 "",""_c2"":"""",""_c41"":""0.651535380507343"",""Independent_35"":"" 10,087 "",""_c6"":"""",""Independent_31"":""1.26""}"
null,null,null,null,null,null,null,null,null,null,null,"{""_c11"":""8"",""_c18"":"" 0.38 "",""_c10"":"""","" Time dependent _20"":"" 1.00 "",""_c0"":"""","" Time dependent _16"":"" 0.38 "",""_c4"":"""",""_c1"":"""","" Time dependent _23"":"" 0.30 "",""Independent_30"":"" 1.26 "",""_c12"":""Project-I-11"",""Independent_38"":""-0.53"",""Independent_36"":""17"",""_c29"":"" 1.26 "",""_c21"":"" 0.30 "",""_c13"":"" 0.46 "",""Independent_37"":"" 216,000,000 "",""_c3"":"""",""Independent_39"":""107.44"",""_c5"":"""",""Independent_32"":""0.97"","" Time dependent _19"":"" 0.38 "",""_c9"":"""",""_c28"":"" 1.26 "",""_c22"":"" 0.30 "",""_c14"":"" 0.46 "",""_c8"":"""",""_c25"":"" 1.00 "",""_c17"":"" 0.38 "",""Independent_40"":""60.96"",""_c42"":""0.86877548354"",""Independent_34"":""1.01960593055014"",""_file_path"":""s3://myfirstbucket-tamuda/Construction%20Projects%201/Construction%20Projects%20Dataset%202.csv"",""_c7"":"""",""Independent_33"":""1"",""_c26"":"" 1.00 "",""_c2"":"""",""_c41"":""0.611481975967957"",""Independent_35"":"" 10,087 "",""_c6"":"""",""Independent_31"":""1.22""}"
null,null,null,null,null,null,null,null,null,null,null,"{""_c11"":""9"",""_c18"":"" 0.46 "",""_c10"":"""","" Time dependent _20"":"" 1.00 "",""_c0"":"""","" Time dependent _16"":"" 0.46 "",""_c4"":"""",""_c1"":"""","" Time dependent _23"":"" 0.35 "",""Independent_30"":"" 1.34 "",""_c12"":""Project-I-12"",""Independent_38"":""-0.78"",""Independent_36"":""17"",""_c29"":"" 1.34 "",""_c21"":"" 0.35 "",""_c13"":"" 0.50 "",""Independent_37"":"" 216,000,000 "",""_c3"":"""",""Independent_39"":""107.44"",""_c5"":"""",""Independent_32"":""0.9"","" Time dependent _19"":"" 0.46 "",""_c9"":"""",""_c28"":"" 1.34 "",""_c22"":"" 0.34 "",""_c14"":"" 0.50 "",""_c8"":"""",""_c25"":"" 1.00 "",""_c17"":"" 0.46 "",""Independent_40"":""60.68"",""_c42"":""0.8684044387828"",""Independent_34"":""1.01599687865782"",""_file_path"":""s3://myfirstbucket-tamuda/Construction%20Projects%201/Construction%20Projects%20Dataset%202.csv"",""_c7"":"""",""Independent_33"":""1"",""_c26"":"" 1.00 "",""_c2"":"""",""_c41"":""0.570093457943925"",""Independent_35"":"" 10,087 "",""_c6"":"""",""Independent_31"":""1.2""}"
null,null,null,null,null,null,null,null,null,null,null,"{""_c11"":""10"",""_c18"":"" 0.50 "",""_c10"":"""","" Time dependent _20"":"" 1.00 "",""_c0"":"""","" Time dependent _16"":"" 0.50 "",""_c4"":"""",""_c1"":"""","" Time dependent _23"":"" 0.38 "",""Independent_30"":"" 1.34 "",""_c12"":""Project-I-13"",""Independent_38"":""0.13"",""Independent_36"":""17"",""_c29"":"" 1.34 "",""_c21"":"" 0.38 "",""_c13"":"" 0.54 "",""Independent_37"":"" 216,000,000 "",""_c3"":"""",""Independent_39"":""107.44"",""_c5"":"""",""Independent_32"":""0.88"","" Time dependent _19"":"" 0.50 "",""_c9"":"""",""_c28"":"" 1.34 "",""_c22"":"" 0.38 "",""_c14"":"" 0.54 "",""_c8"":"""",""_c25"":"" 1.00 "",""_c17"":"" 0.50 "",""Independent_40"":""61.45"",""_c42"":""0.8720091074712"",""Independent_34"":""1.02370269215763"",""_file_path"":""s3://myfirstbucket-tamuda/Construction%20Projects%201/Construction%20Projects%20Dataset%202.csv"",""_c7"":"""",""Independent_33"":""1"",""_c26"":"" 1.00 "",""_c2"":"""",""_c41"":""0.530040053404539"",""Independent_35"":"" 10,087 "",""_c6"":"""",""Independent_31"":""1.18""}"
null,null,null,null,null,null,null,null,null,null,null,"{""_c11"":""11"",""_c18"":"" 0.58 "",""_c10"":"""","" Time dependent _20"":"" 1.00 "",""_c0"":"""","" Time dependent _16"":"" 0.56 "",""_c4"":"""",""_c1"":"""","" Time dependent _23"":"" 0.40 "",""Independent_30"":"" 1.46 "",""_c12"":""Project-I-14"",""Independent_38"":""0.04"",""Independent_36"":""17"",""_c29"":"" 1.46 "",""_c21"":"" 0.40 "",""_c13"":"" 0.58 "",""Independent_37"":"" 216,000,000 "",""_c3"":"""",""Independent_39"":""107.44"",""_c5"":"""",""Independent_32"":""0.82"","" Time dependent _19"":"" 0.58 "",""_c9"":"""",""_c28"":"" 1.46 "",""_c22"":"" 0.40 "",""_c14"":"" 0.58 "",""_c8"":"""",""_c25"":"" 1.03 "",""_c17"":"" 0.58 "",""Independent_40"":""61.92"",""_c42"":""0.8392275400156"",""Independent_34"":""1.0285797893094"",""_file_path"":""s3://myfirstbucket-tamuda/Construction%20Projects%201/Construction%20Projects%20Dataset%202.csv"",""_c7"":"""",""Independent_33"":""1"",""_c26"":"" 1.03 "",""_c2"":"""",""_c41"":""0.488651535380507"",""Independent_35"":"" 10,087 "",""_c6"":"""",""Independent_31"":""1.2""}"
null,null,null,null,null,null,null,null,null,null,null,"{""_c11"":""12"",""_c18"":"" 0.60 "",""_c10"":"""","" Time dependent _20"":"" 1.00 "",""_c0"":"""","" Time dependent _16"":"" 0.61 "",""_c4"":"""",""_c1"":"""","" Time dependent _23"":"" 0.43 "",""Independent_30"":"" 1.40 "",""_c12"":""Project-I-15"",""Independent_38"":""0.53"",""Independent_36"":""17"",""_c29"":"" 1.40 "",""_c21"":"" 0.43 "",""_c13"":"" 0.63 "",""Independent_37"":"" 216,000,000 "",""_c3"":"""",""Independent_39"":""107.44"",""_c5"":"""",""Independent_32"":""0.87"","" Time dependent _19"":"" 0.60 "",""_c9"":"""",""_c28"":"" 1.40 "",""_c22"":"" 0.43 "",""_c14"":"" 0.63 "",""_c8"":"""",""_c25"":"" 0.98 "",""_c17"":"" 0.60 "",""Independent_40"":""62.1"",""_c42"":""0.8375948227724"",""Independent_34"":""1.03033554428404"",""_file_path"":""s3://myfirstbucket-tamuda/Construction%20Projects%201/Construction%20Projects%20Dataset%202.csv"",""_c7"":"""",""Independent_33"":""1"",""_c26"":"" 0.98 "",""_c2"":"""",""_c41"":""0.447263017356475"",""Independent_35"":"" 10,087 "",""_c6"":"""",""Independent_31"":""1.22""}"
null,null,null,null,null,null,null,null,null,null,null,"{""_c11"":""13"",""_c18"":"" 0.65 "",""_c10"":"""","" Time dependent _20"":"" 1.00 "",""_c0"":"""","" Time dependent _16"":"" 0.67 "",""_c4"":"""",""_c1"":"""","" Time dependent _23"":"" 0.47 "",""Independent_30"":"" 1.38 "",""_c12"":""Project-I-16"",""Independent_38"":""1.46"",""Independent_36"":""17"",""_c29"":"" 1.38 "",""_c21"":"" 0.47 "",""_c13"":"" 0.67 "",""Independent_37"":"" 216,000,000 "",""_c3"":"""",""Independent_39"":""107.44"",""_c5"":"""",""Independent_32"":""0.87"","" Time dependent _19"":"" 0.65 "",""_c9"":"""",""_c28"":"" 1.38 "",""_c22"":"" 0.47 "",""_c14"":"" 0.67 "",""_c8"":"""",""_c25"":"" 0.97 "",""_c17"":"" 0.65 "",""Independent_40"":""62.09"",""_c42"":""0.8444046176744"",""Independent_34"":""1.03004291845494"",""_file_path"":""s3://myfirstbucket-tamuda/Construction%20Projects%201/Construction%20Projects%20Dataset%202.csv"",""_c7"":"""",""Independent_33"":""1"",""_c26"":"" 0.97 "",""_c2"":"""",""_c41"":""0.407209612817089"",""Independent_35"":"" 10,087 "",""_c6"":"""",""Independent_31"":""1.2""}"
null,null,null,null,null,null,null,null,null,null,null,"{""_c11"":""14"",""_c18"":"" 0.72 "",""_c10"":"""","" Time dependent _20"":"" 1.00 "",""_c0"":"""","" Time dependent _16"":"" 0.71 "",""_c4"":"""",""_c1"":"""","" Time dependent _23"":"" 0.50 "",""Independent_30"":"" 1.44 "",""_c12"":""Project-I-17"",""Independent_38"":""-0.5"",""Independent_36"":""17"",""_c29"":"" 1.44 "",""_c21"":"" 0.50 "",""_c13"":"" 0.71 "",""Independent_37"":"" 216,000,000 "",""_c3"":"""",""Independent_39"":""107.44"",""_c5"":"""",""Independent_32"":""0.84"","" Time dependent _19"":"" 0.73 "",""_c9"":"""",""_c28"":"" 1.44 "",""_c22"":"" 0.50 "",""_c14"":"" 0.71 "",""_c8"":"""",""_c25"":"" 1.03 "",""_c17"":"" 0.73 "",""Independent_40"":""62.65"",""_c42"":""0.8202666051984"",""Independent_34"":""1.03687085446742"",""_file_path"":""s3://myfirstbucket-tamuda/Construction%20Projects%201/Construction%20Projects%20Dataset%202.csv"",""_c7"":"""",""Independent_33"":""1"",""_c26"":"" 1.03 "",""_c2"":"""",""_c41"":""0.365821094793057"",""Independent_35"":"" 10,087 "",""_c6"":"""",""Independent_31"":""1.22""}"
null,null,null,null,null,null,null,null,null,null,null,"{""_c11"":""15"",""_c18"":"" 0.78 "",""_c10"":"""","" Time dependent _20"":"" 1.00 "",""_c0"":"""","" Time dependent _16"":"" 0.79 "",""_c4"":"""",""_c1"":"""","" Time dependent _23"":"" 0.55 "",""Independent_30"":"" 1.40 "",""_c12"":""Project-I-18"",""Independent_38"":""0.54"",""Independent_36"":""17"",""_c29"":"" 1.40 "",""_c21"":"" 0.55 "",""_c13"":"" 0.75 "",""Independent_37"":"" 216,000,000 "",""_c3"":"""",""Independent_39"":""107.44"",""_c5"":"""",""Independent_32"":""0.84"","" Time dependent _19"":"" 0.78 "",""_c9"":"""",""_c28"":"" 1.40 "",""_c22"":"" 0.55 "",""_c14"":"" 0.75 "",""_c8"":"""",""_c25"":"" 0.98 "",""_c17"":"" 0.78 "",""Independent_40"":""64.64"",""_c42"":""0.8338789618352"",""Independent_34"":""1.05901287553648"",""_file_path"":""s3://myfirstbucket-tamuda/Construction%20Projects%201/Construction%20Projects%20Dataset%202.csv"",""_c7"":"""",""Independent_33"":""1"",""_c26"":"" 0.98 "",""_c2"":"""",""_c41"":""0.325767690253672"",""Independent_35"":"" 10,087 "",""_c6"":"""",""Independent_31"":""1.18""}"
null,null,null,null,null,null,null,null,null,null,null,"{""_c11"":""16"",""_c18"":"" 0.83 "",""_c10"":"""","" Time dependent _20"":"" 1.00 "",""_c0"":"""","" Time dependent _16"":"" 0.85 "",""_c4"":"""",""_c1"":"""","" Time dependent _23"":"" 0.57 "",""Independent_30"":"" 1.45 "",""_c12"":""Project-I-19"",""Independent_38"":""-1.3"",""Independent_36"":""17"",""_c29"":"" 1.45 "",""_c21"":"" 0.58 "",""_c13"":"" 0.79 "",""Independent_37"":"" 216,000,000 "",""_c3"":"""",""Independent_39"":""108.95"",""_c5"":"""",""Independent_32"":""0.84"","" Time dependent _19"":"" 0.83 "",""_c9"":"""",""_c28"":"" 1.45 "",""_c22"":"" 0.57 "",""_c14"":"" 0.79 "",""_c8"":"""",""_c25"":"" 0.98 "",""_c17"":"" 0.83 "",""Independent_40"":""67.71"",""_c42"":""0.8070119620312"",""Independent_34"":""1.09305501365587"",""_file_path"":""s3://myfirstbucket-tamuda/Construction%20Projects%201/Construction%20Projects%20Dataset%202.csv"",""_c7"":"""",""Independent_33"":""1"",""_c26"":"" 0.98 "",""_c2"":"""",""_c41"":""0.28437917222964"",""Independent_35"":"" 10,087 "",""_c6"":"""",""Independent_31"":""1.22""}"
null,null,null,null,null,null,null,null,null,null,null,"{""_c11"":""17"",""_c18"":"" 0.87 "",""_c10"":"""","" Time dependent _20"":"" 1.00 "",""_c0"":"""","" Time dependent _16"":"" 0.89 "",""_c4"":"""",""_c1"":"""","" Time dependent _23"":"" 0.61 "",""Independent_30"":"" 1.44 "",""_c12"":""Project-I-20"",""Independent_38"":""-0.61"",""Independent_36"":""17"",""_c29"":"" 1.44 "",""_c21"":"" 0.61 "",""_c13"":"" 0.83 "",""Independent_37"":"" 216,000,000 "",""_c3"":"""",""Independent_39"":""108.95"",""_c5"":"""",""Independent_32"":""0.84"","" Time dependent _19"":"" 0.87 "",""_c9"":"""",""_c28"":"" 1.44 "",""_c22"":"" 0.60 "",""_c14"":"" 0.83 "",""_c8"":"""",""_c25"":"" 0.98 "",""_c17"":"" 0.87 "",""Independent_40"":""72.91"",""_c42"":""0.8027879617856"",""Independent_34"":""1.15216543113539"",""_file_path"":""s3://myfirstbucket-tamuda/Construction%20Projects%201/Construction%20Projects%20Dataset%202.csv"",""_c7"":"""",""Independent_33"":""1"",""_c26"":"" 0.98 "",""_c2"":"""",""_c41"":""0.2456608811749"",""Independent_35"":"" 10,087 "",""_c6"":"""",""Independent_31"":""1.21""}"
null,null,null,null,null,null,null,null,null,null,null,"{""_c11"":""18"",""_c18"":"" 0.93 "",""_c10"":"""","" Time dependent _20"":"" 1.00 "",""_c0"":"""","" Time dependent _16"":"" 0.91 "",""_c4"":"""",""_c1"":"""","" Time dependent _23"":"" 0.61 "",""Independent_30"":"" 1.51 "",""_c12"":""Project-I-21"",""Independent_38"":""-0.37"",""Independent_36"":""17"",""_c29"":"" 1.51 "",""_c21"":"" 0.61 "",""_c13"":"" 0.87 "",""Independent_37"":"" 216,000,000 "",""_c3"":"""",""Independent_39"":""108.95"",""_c5"":"""",""Independent_32"":""0.83"","" Time dependent _19"":"" 0.93 "",""_c9"":"""",""_c28"":"" 1.51 "",""_c22"":"" 0.61 "",""_c14"":"" 0.87 "",""_c8"":"""",""_c25"":"" 1.02 "",""_c17"":"" 0.93 "",""Independent_40"":""75.73"",""_c42"":""0.7627282874364"",""Independent_34"":""1.18737807257121"",""_file_path"":""s3://myfirstbucket-tamuda/Construction%20Projects%201/Construction%20Projects%20Dataset%202.csv"",""_c7"":"""",""Independent_33"":""1"",""_c26"":"" 1.02 "",""_c2"":"""",""_c41"":""0.204272363150868"",""Independent_35"":"" 10,087 "",""_c6"":"""",""Independent_31"":""1.25""}"
null,null,null,null,null,null,null,null,null,null,null,"{""_c11"":""19"",""_c18"":"" 0.93 "",""_c10"":"""","" Time dependent _20"":"" 1.00 "",""_c0"":"""","" Time dependent _16"":"" 0.93 "",""_c4"":"""",""_c1"":"""","" Time dependent _23"":"" 0.63 "",""Independent_30"":"" 1.48 "",""_c12"":""Project-I-22"",""Independent_38"":""0.11"",""Independent_36"":""17"",""_c29"":"" 1.48 "",""_c21"":"" 0.63 "",""_c13"":"" 0.91 "",""Independent_37"":"" 216,000,000 "",""_c3"":"""",""Independent_39"":""108.95"",""_c5"":"""",""Independent_32"":""0.82"","" Time dependent _19"":"" 0.93 "",""_c9"":"""",""_c28"":"" 1.48 "",""_c22"":"" 0.63 "",""_c14"":"" 0.91 "",""_c8"":"""",""_c25"":"" 1.00 "",""_c17"":"" 0.93 "",""Independent_40"":""74.84"",""_c42"":""0.7585490553032"",""Independent_34"":""1.17791650409676"",""_file_path"":""s3://myfirstbucket-tamuda/Construction%20Projects%201/Construction%20Projects%20Dataset%202.csv"",""_c7"":"""",""Independent_33"":""1"",""_c26"":"" 1.00 "",""_c2"":"""",""_c41"":""0.162883845126836"",""Independent_35"":"" 10,087 "",""_c6"":"""",""Independent_31"":""1.22""}"
null,null,null,null,null,null,null,null,null,null,null,"{""_c11"":""20"",""_c18"":"" 0.93 "",""_c10"":"""","" Time dependent _20"":"" 1.00 "",""_c0"":"""","" Time dependent _16"":"" 0.93 "",""_c4"":"""",""_c1"":"""","" Time dependent _23"":"" 0.64 "",""Independent_30"":"" 1.44 "",""_c12"":""Project-I-23"",""Independent_38"":""1.2"",""Independent_36"":""17"",""_c29"":"" 1.45 "",""_c21"":"" 0.64 "",""_c13"":"" 0.95 "",""Independent_37"":"" 216,000,000 "",""_c3"":"""",""Independent_39"":""108.95"",""_c5"":"""",""Independent_32"":""0.86"","" Time dependent _19"":"" 0.93 "",""_c9"":"""",""_c28"":"" 1.44 "",""_c22"":"" 0.64 "",""_c14"":"" 0.95 "",""_c8"":"""",""_c25"":"" 0.99 "",""_c17"":"" 0.93 "",""Independent_40"":""74.06"",""_c42"":""0.7536544684376"",""Independent_34"":""1.16962543893874"",""_file_path"":""s3://myfirstbucket-tamuda/Construction%20Projects%201/Construction%20Projects%20Dataset%202.csv"",""_c7"":"""",""Independent_33"":""1"",""_c26"":"" 1.00 "",""_c2"":"""",""_c41"":""0.12283044058745"",""Independent_35"":"" 10,087 "",""_c6"":"""",""Independent_31"":""1.24""}"
null,null,null,null,null,null,null,null,null,null,null,"{""_c11"":""21"",""_c18"":"" 0.97 "",""_c10"":"""","" Time dependent _20"":"" 1.00 "",""_c0"":"""","" Time dependent _16"":"" 0.98 "",""_c4"":"""",""_c1"":"""","" Time dependent _23"":"" 0.66 "",""Independent_30"":"" 1.48 "",""_c12"":""Project-I-24"",""Independent_38"":""0.15"",""Independent_36"":""17"",""_c29"":"" 1.48 "",""_c21"":"" 0.66 "",""_c13"":"" 0.99 "",""Independent_37"":"" 216,000,000 "",""_c3"":"""",""Independent_39"":""108.95"",""_c5"":"""",""Independent_32"":""0.82"","" Time dependent _19"":"" 0.97 "",""_c9"":"""",""_c28"":"" 1.48 "",""_c22"":"" 0.66 "",""_c14"":"" 0.99 "",""_c8"":"""",""_c25"":"" 0.99 "",""_c17"":"" 0.97 "",""Independent_40"":""73.27"",""_c42"":""0.7276941826736"",""Independent_34"":""1.16143191572376"",""_file_path"":""s3://myfirstbucket-tamuda/Construction%20Projects%201/Construction%20Projects%20Dataset%202.csv"",""_c7"":"""",""Independent_33"":""1"",""_c26"":"" 0.99 "",""_c2"":"""",""_c41"":""0.0814419225634179"",""Independent_35"":"" 10,087 "",""_c6"":"""",""Independent_31"":""1.22""}"
null,null,null,null,null,null,null,null,null,null,null,"{""_c11"":""22"",""_c18"":"" 0.99 "",""_c10"":"""","" Time dependent _20"":"" 1.00 "",""_c0"":"""","" Time dependent _16"":"" 1.00 "",""_c4"":"""",""_c1"":"""","" Time dependent _23"":"" 0.67 "",""Independent_30"":"" 1.48 "",""_c12"":""Project-I-25"",""Independent_38"":""1.2"",""Independent_36"":""17"",""_c29"":"" 1.48 "",""_c21"":"" 0.67 "",""_c13"":"" 1.03 "",""Independent_37"":"" 216,000,000 "",""_c3"":"""",""Independent_39"":""108.95"",""_c5"":"""",""Independent_32"":""0.82"","" Time dependent _19"":"" 0.99 "",""_c9"":"""",""_c28"":"" 1.48 "",""_c22"":"" 0.67 "",""_c14"":"" 1.03 "",""_c8"":"""",""_c25"":"" 0.99 "",""_c17"":"" 0.99 "",""Independent_40"":""74.96"",""_c42"":""0.71170307619"",""Independent_34"":""1.18357393679282"",""_file_path"":""s3://myfirstbucket-tamuda/Construction%20Projects%201/Construction%20Projects%20Dataset%202.csv"",""_c7"":"""",""Independent_33"":""1"",""_c26"":"" 0.99 "",""_c2"":"""",""_c41"":""0.041388518024032"",""Independent_35"":"" 10,087 "",""_c6"":"""",""Independent_31"":""1.22""}"
null,null,null,null,null,null,null,null,null,null,null,"{""_c11"":""23"",""_c18"":"" 1.00 "",""_c10"":"""","" Time dependent _20"":"" 1.00 "",""_c0"":"""","" Time dependent _16"":"" 1.00 "",""_c4"":"""",""_c1"":"""","" Time dependent _23"":"" 0.68 "",""Independent_30"":"" 1.47 "",""_c12"":""Project-I-26"",""Independent_38"":""1.64"",""Independent_36"":""17"",""_c29"":"" 1.47 "",""_c21"":"" 0.68 "",""_c13"":"" 1.07 "",""Independent_37"":"" 216,000,000 "",""_c3"":"""",""Independent_39"":""108.95"",""_c5"":"""",""Independent_32"":""0.81"","" Time dependent _19"":"" 1.00 "",""_c9"":"""",""_c28"":"" 1.47 "",""_c22"":"" 0.68 "",""_c14"":"" 1.07 "",""_c8"":"""",""_c25"":"" 1.00 "",""_c17"":"" 1.00 "",""Independent_40"":""76.15"",""_c42"":""0.70302858169528"",""Independent_34"":""1.19713226687476"",""_file_path"":""s3://myfirstbucket-tamuda/Construction%20Projects%201/Construction%20Projects%20Dataset%202.csv"",""_c7"":"""",""Independent_33"":""1"",""_c26"":"" 1.00 "",""_c2"":"""",""_c41"":""0"",""Independent_35"":"" 10,087 "",""_c6"":"""",""Independent_31"":""1.19""}"
null,null,null,null,null,null,null,null,null,null,null,"{""_c11"":""24"",""_c18"":"" 1.00 "",""_c10"":"""","" Time dependent _20"":"" 1.00 "",""_c0"":"""","" Time dependent _16"":"" 1.00 "",""_c4"":"""",""_c1"":"""","" Time dependent _23"":"" 0.69 "",""Independent_30"":"" 1.45 "",""_c12"":""Project-I-27"",""Independent_38"":""-0.78"",""Independent_36"":""17"",""_c29"":"" 1.45 "",""_c21"":"" 0.69 "",""_c13"":"" 1.11 "",""Independent_37"":"" 216,000,000 "",""_c3"":"""",""Independent_39"":""108.95"",""_c5"":"""",""Independent_32"":""0.82"","" Time dependent _19"":"" 1.00 "",""_c9"":"""",""_c28"":"" 1.45 "",""_c22"":"" 0.69 "",""_c14"":"" 1.11 "",""_c8"":"""",""_c25"":"" 1.00 "",""_c17"":"" 1.00 "",""Independent_40"":""76.03"",""_c42"":""0.68960281206696"",""Independent_34"":""1.19576667967226"",""_file_path"":""s3://myfirstbucket-tamuda/Construction%20Projects%201/Construction%20Projects%20Dataset%202.csv"",""_c7"":"""",""Independent_33"":""1"",""_c26"":"" 1.00 "",""_c2"":"""",""_c41"":"""",""Independent_35"":"" 10,087 "",""_c6"":"""",""Independent_31"":""1.18""}"
null,null,null,null,null,null,null,null,null,null,null,"{""_c11"":""25"",""_c18"":"" 1.00 "",""_c10"":"""","" Time dependent _20"":"" 0.87 "",""_c0"":"""","" Time dependent _16"":"" 1.00 "",""_c4"":"""",""_c1"":"""","" Time dependent _23"":"" 0.75 "",""Independent_30"":"" 1.25 "",""_c12"":""Project-I-28"",""Independent_38"":""1.56"",""Independent_36"":""17"",""_c29"":"" 1.25 "",""_c21"":"" 0.69 "",""_c13"":"" 1.15 "",""Independent_37"":"" 216,000,000 "",""_c3"":"""",""Independent_39"":""108.95"",""_c5"":"""",""Independent_32"":""0.94"","" Time dependent _19"":"" 0.93 "",""_c9"":"""",""_c28"":"" 1.25 "",""_c22"":"" 0.80 "",""_c14"":"" 1.15 "",""_c8"":"""",""_c25"":"" 1.00 "",""_c17"":"" 0.87 "",""Independent_40"":""76.75"",""_c42"":""0.70313067476736"",""Independent_34"":""1.20396020288724"",""_file_path"":""s3://myfirstbucket-tamuda/Construction%20Projects%201/Construction%20Projects%20Dataset%202.csv"",""_c7"":"""",""Independent_33"":""0.87"",""_c26"":"" 1.00 "",""_c2"":"""",""_c41"":"""",""Independent_35"":"" 10,087 "",""_c6"":"""",""Independent_31"":""1.18""}"
null,null,null,null,null,null,null,null,null,null,null,"{""_c11"":""26"",""_c18"":"" 1.00 "",""_c10"":"""","" Time dependent _20"":"" 0.87 "",""_c0"":"""","" Time dependent _16"":"" 1.00 "",""_c4"":"""",""_c1"":"""","" Time dependent _23"":"" 0.75 "",""Independent_30"":"" 1.22 "",""_c12"":""Project-I-29"",""Independent_38"":""0.0800000000000001"",""Independent_36"":""17"",""_c29"":"" 1.25 "",""_c21"":"" 0.69 "",""_c13"":"" 1.20 "",""Independent_37"":"" 216,000,000 "",""_c3"":"""",""Independent_39"":""108.95"",""_c5"":"""",""Independent_32"":""1.06"","" Time dependent _19"":"" 0.91 "",""_c9"":"""",""_c28"":"" 1.18 "",""_c22"":"" 0.80 "",""_c14"":"" 1.20 "",""_c8"":"""",""_c25"":"" 0.95 "",""_c17"":"" 0.82 "",""Independent_40"":""75.98"",""_c42"":""0.715988632846"",""Independent_34"":""1.19547405384315"",""_file_path"":""s3://myfirstbucket-tamuda/Construction%20Projects%201/Construction%20Projects%20Dataset%202.csv"",""_c7"":"""",""Independent_33"":""0.87"",""_c26"":"" 1.00 "",""_c2"":"""",""_c41"":"""",""Independent_35"":"" 10,087 "",""_c6"":"""",""Independent_31"":""1.25""}"
null,null,null,null,null,null,null,null,null,null,null,"{""_c11"":""27"",""_c18"":"" 1.00 "",""_c10"":"""","" Time dependent _20"":"" 0.87 "",""_c0"":"""","" Time dependent _16"":"" 1.00 "",""_c4"":"""",""_c1"":"""","" Time dependent _23"":"" 0.79 "",""Independent_30"":"" 1.18 "",""_c12"":""Project-I-30"",""Independent_38"":""1.51"",""Independent_36"":""17"",""_c29"":"" 1.18 "",""_c21"":"" 0.73 "",""_c13"":"" 1.24 "",""Independent_37"":"" 216,000,000 "",""_c3"":"""",""Independent_39"":""108.95"",""_c5"":"""",""Independent_32"":""1"","" Time dependent _19"":"" 0.93 "",""_c9"":"""",""_c28"":"" 1.18 "",""_c22"":"" 0.85 "",""_c14"":"" 1.24 "",""_c8"":"""",""_c25"":"" 1.00 "",""_c17"":"" 0.87 "",""Independent_40"":""75.2"",""_c42"":""0.74315887847892"",""Independent_34"":""1.18864611783067"",""_file_path"":""s3://myfirstbucket-tamuda/Construction%20Projects%201/Construction%20Projects%20Dataset%202.csv"",""_c7"":"""",""Independent_33"":""0.87"",""_c26"":"" 1.00 "",""_c2"":"""",""_c41"":"""",""Independent_35"":"" 10,087 "",""_c6"":"""",""Independent_31"":""1.18""}"
null,null,null,null,null,null,null,null,null,null,null,"{""_c11"":"""",""_c18"":"""",""_c10"":"""","" Time dependent _20"":"""",""_c0"":"""","" Time dependent _16"":"""",""_c4"":"""",""_c1"":"""","" Time dependent _23"":"""",""Independent_30"":"""",""_c12"":"""",""Independent_38"":"""",""Independent_36"":"""",""_c29"":"""",""_c21"":"""",""_c13"":"""",""Independent_37"":"""",""_c3"":"""",""Independent_39"":"""",""_c5"":"""",""Independent_32"":"""","" Time dependent _19"":"""",""_c9"":"""",""_c28"":"""",""_c22"":"""",""_c14"":"""",""_c8"":"""",""_c25"":"""",""_c17"":"""",""Independent_40"":"""",""_c42"":"""",""Independent_34"":"""",""_file_path"":""s3://myfirstbucket-tamuda/Construction%20Projects%201/Construction%20Projects%20Dataset%202.csv"",""_c7"":"""",""Independent_33"":"""",""_c26"":"""",""_c2"":"""",""_c41"":"""",""Independent_35"":"""",""_c6"":"""",""Independent_31"":""""}"
null,null,null,null,null,null,null,null,null,null,null,"{""_c11"":"""",""_c18"":"""",""_c10"":"""","" Time dependent _20"":"""",""_c0"":"""","" Time dependent _16"":"""",""_c4"":"""",""_c1"":"""","" Time dependent _23"":"""",""Independent_30"":"""",""_c12"":"""",""Independent_38"":"""",""Independent_36"":"""",""_c29"":"""",""_c21"":"""",""_c13"":"""",""Independent_37"":"""",""_c3"":"""",""Independent_39"":"""",""_c5"":"""",""Independent_32"":"""","" Time dependent _19"":"""",""_c9"":"""",""_c28"":"""",""_c22"":"""",""_c14"":"""",""_c8"":"""",""_c25"":"""",""_c17"":"""",""Independent_40"":"""",""_c42"":"""",""Independent_34"":"""",""_file_path"":""s3://myfirstbucket-tamuda/Construction%20Projects%201/Construction%20Projects%20Dataset%202.csv"",""_c7"":"""",""Independent_33"":"""",""_c26"":"""",""_c2"":"""",""_c41"":"""",""Independent_35"":"""",""_c6"":"""",""Independent_31"":""""}"
null,null,null,null,null,null,null,null,null,null,null,"{""_c11"":"""",""_c18"":"""",""_c10"":"""","" Time dependent _20"":"""",""_c0"":"""","" Time dependent _16"":"""",""_c4"":"""",""_c1"":"""","" Time dependent _23"":"""",""Independent_30"":"""",""_c12"":"""",""Independent_38"":"""",""Independent_36"":"""",""_c29"":"""",""_c21"":"""",""_c13"":"""",""Independent_37"":"""",""_c3"":"""",""Independent_39"":"""",""_c5"":"""",""Independent_32"":"""","" Time dependent _19"":"""",""_c9"":"""",""_c28"":"""",""_c22"":"""",""_c14"":"""",""_c8"":"""",""_c25"":"""",""_c17"":"""",""Independent_40"":"""",""_c42"":"""",""Independent_34"":"""",""_file_path"":""s3://myfirstbucket-tamuda/Construction%20Projects%201/Construction%20Projects%20Dataset%202.csv"",""_c7"":"""",""Independent_33"":"""",""_c26"":"""",""_c2"":"""",""_c41"":"""",""Independent_35"":"""",""_c6"":"""",""Independent_31"":""""}"
null,null,null,null,null,null,null,null,null,null,null,"{""_c11"":""1"",""_c18"":"" 0.05 "",""_c10"":""18"","" Time dependent _20"":"" 1.00 "",""_c0"":""D"","" Time dependent _16"":"" 0.05 "",""_c4"":""11"",""_c1"":"" 3,479 "","" Time dependent _23"":"" -   "",""Independent_30"":"" -   "",""_c12"":""Project-J-2"",""Independent_38"":""0.13"",""Independent_36"":""11"",""_c29"":""#DIV/0!"",""_c21"":"" -   "",""_c13"":"" 0.11 "",""Independent_37"":"" 85,714,286 "",""_c3"":""10"",""Independent_39"":""107.44 "",""_c5"":""1"",""Independent_32"":""0"","" Time dependent _19"":"" 0.05 "",""_c9"":"" 85,714,286 "",""_c28"":"" 1.00 "",""_c22"":"" -   "",""_c14"":"" 0.11 "",""_c8"":""486"",""_c25"":"" 1.00 "",""_c17"":"" 0.05 "",""Independent_40"":""61.45"",""_c42"":""0.901635103556"",""Independent_34"":""1.00758448540707"",""_file_path"":""s3://myfirstbucket-tamuda/Construction%20Projects%201/Construction%20Projects%20Dataset%202.csv"",""_c7"":""2004-09-30"",""Independent_33"":""1"",""_c26"":"" 1.00 "",""_c2"":""1"",""_c41"":""0.957564575645756"",""Independent_35"":"" 3,479 "",""_c6"":""2003-06-02"",""Independent_31"":""1""}"
null,null,null,null,null,null,null,null,null,null,null,"{""_c11"":""2"",""_c18"":"" 0.12 "",""_c10"":"""","" Time dependent _20"":"" 1.00 "",""_c0"":"""","" Time dependent _16"":"" 0.12 "",""_c4"":"""",""_c1"":"""","" Time dependent _23"":"" 0.05 "",""Independent_30"":"" 2.33 "",""_c12"":""Project-J-3"",""Independent_38"":""0.04"",""Independent_36"":""11"",""_c29"":"" 2.33 "",""_c21"":"" 0.05 "",""_c13"":"" 0.16 "",""Independent_37"":"" 85,714,286 "",""_c3"":"""",""Independent_39"":""107.44 "",""_c5"":"""",""Independent_32"":""0"","" Time dependent _19"":"" 0.12 "",""_c9"":"""",""_c28"":"" 2.33 "",""_c22"":"" 0.05 "",""_c14"":"" 0.16 "",""_c8"":"""",""_c25"":"" 1.01 "",""_c17"":"" 0.12 "",""Independent_40"":""61.92"",""_c42"":""0.8993594205452"",""Independent_34"":""1.01238479262673"",""_file_path"":""s3://myfirstbucket-tamuda/Construction%20Projects%201/Construction%20Projects%20Dataset%202.csv"",""_c7"":"""",""Independent_33"":""1"",""_c26"":"" 1.01 "",""_c2"":"""",""_c41"":""0.900369003690037"",""Independent_35"":"" 3,479 "",""_c6"":"""",""Independent_31"":""1""}"
null,null,null,null,null,null,null,null,null,null,null,"{""_c11"":""3"",""_c18"":"" 0.20 "",""_c10"":"""","" Time dependent _20"":"" 1.00 "",""_c0"":"""","" Time dependent _16"":"" 0.20 "",""_c4"":"""",""_c1"":"""","" Time dependent _23"":"" 0.09 "",""Independent_30"":"" 2.18 "",""_c12"":""Project-J-4"",""Independent_38"":""0.53"",""Independent_36"":""11"",""_c29"":"" 2.18 "",""_c21"":"" 0.09 "",""_c13"":"" 0.22 "",""Independent_37"":"" 85,714,286 "",""_c3"":"""",""Independent_39"":""107.44 "",""_c5"":"""",""Independent_32"":""0.61"","" Time dependent _19"":"" 0.20 "",""_c9"":"""",""_c28"":"" 2.18 "",""_c22"":"" 0.09 "",""_c14"":"" 0.22 "",""_c8"":"""",""_c25"":"" 1.00 "",""_c17"":"" 0.20 "",""Independent_40"":""62.1"",""_c42"":""0.8328860996296"",""Independent_34"":""1.01411290322581"",""_file_path"":""s3://myfirstbucket-tamuda/Construction%20Projects%201/Construction%20Projects%20Dataset%202.csv"",""_c7"":"""",""Independent_33"":""1"",""_c26"":"" 1.00 "",""_c2"":"""",""_c41"":""0.843173431734317"",""Independent_35"":"" 3,479 "",""_c6"":"""",""Independent_31"":""1.32""}"
null,null,null,null,null,null,null,null,null,null,null,"{""_c11"":""4"",""_c18"":"" 0.26 "",""_c10"":"""","" Time dependent _20"":"" 1.00 "",""_c0"":"""","" Time dependent _16"":"" 0.26 "",""_c4"":"""",""_c1"":"""","" Time dependent _23"":"" 0.16 "",""Independent_30"":"" 1.60 "",""_c12"":""Project-J-5"",""Independent_38"":""1.46"",""Independent_36"":""11"",""_c29"":"" 1.60 "",""_c21"":"" 0.16 "",""_c13"":"" 0.28 "",""Independent_37"":"" 85,714,286 "",""_c3"":"""",""Independent_39"":""107.44 "",""_c5"":"""",""Independent_32"":""0.77"","" Time dependent _19"":"" 0.26 "",""_c9"":"""",""_c28"":"" 1.60 "",""_c22"":"" 0.16 "",""_c14"":"" 0.28 "",""_c8"":"""",""_c25"":"" 1.00 "",""_c17"":"" 0.26 "",""Independent_40"":""62.09"",""_c42"":""0.852135794316"",""Independent_34"":""1.01382488479263"",""_file_path"":""s3://myfirstbucket-tamuda/Construction%20Projects%201/Construction%20Projects%20Dataset%202.csv"",""_c7"":"""",""Independent_33"":""1"",""_c26"":"" 1.00 "",""_c2"":"""",""_c41"":""0.787822878228782"",""Independent_35"":"" 3,479 "",""_c6"":"""",""Independent_31"":""1.23""}"
null,null,null,null,null,null,null,null,null,null,null,"{""_c11"":""5"",""_c18"":"" 0.29 "",""_c10"":"""","" Time dependent _20"":"" 1.00 "",""_c0"":"""","" Time dependent _16"":"" 0.30 "",""_c4"":"""",""_c1"":"""","" Time dependent _23"":"" 0.21 "",""Independent_30"":"" 1.36 "",""_c12"":""Project-J-6"",""Independent_38"":""-0.5"",""Independent_36"":""11"",""_c29"":"" 1.36 "",""_c21"":"" 0.21 "",""_c13"":"" 0.33 "",""Independent_37"":"" 85,714,286 "",""_c3"":"""",""Independent_39"":""107.44 "",""_c5"":"""",""Independent_32"":""0.69"","" Time dependent _19"":"" 0.29 "",""_c9"":"""",""_c28"":"" 1.36 "",""_c22"":"" 0.21 "",""_c14"":"" 0.33 "",""_c8"":"""",""_c25"":"" 0.98 "",""_c17"":"" 0.29 "",""Independent_40"":""62.65"",""_c42"":""0.8898041854772"",""Independent_34"":""1.02054531490015"",""_file_path"":""s3://myfirstbucket-tamuda/Construction%20Projects%201/Construction%20Projects%20Dataset%202.csv"",""_c7"":"""",""Independent_33"":""1"",""_c26"":"" 0.98 "",""_c2"":"""",""_c41"":""0.730627306273063"",""Independent_35"":"" 3,479 "",""_c6"":"""",""Independent_31"":""0.94""}"
null,null,null,null,null,null,null,null,null,null,null,"{""_c11"":""6"",""_c18"":"" 0.33 "",""_c10"":"""","" Time dependent _20"":"" 1.00 "",""_c0"":"""","" Time dependent _16"":"" 0.34 "",""_c4"":"""",""_c1"":"""","" Time dependent _23"":"" 0.25 "",""Independent_30"":"" 1.32 "",""_c12"":""Project-J-7"",""Independent_38"":""0.54"",""Independent_36"":""11"",""_c29"":"" 1.32 "",""_c21"":"" 0.25 "",""_c13"":"" 0.39 "",""Independent_37"":"" 85,714,286 "",""_c3"":"""",""Independent_39"":""107.44 "",""_c5"":"""",""Independent_32"":""0.6"","" Time dependent _19"":"" 0.33 "",""_c9"":"""",""_c28"":"" 1.32 "",""_c22"":"" 0.25 "",""_c14"":"" 0.39 "",""_c8"":"""",""_c25"":"" 0.98 "",""_c17"":"" 0.33 "",""Independent_40"":""64.64"",""_c42"":""0.8868730960716"",""Independent_34"":""1.04233870967742"",""_file_path"":""s3://myfirstbucket-tamuda/Construction%20Projects%201/Construction%20Projects%20Dataset%202.csv"",""_c7"":"""",""Independent_33"":""1"",""_c26"":"" 0.98 "",""_c2"":"""",""_c41"":""0.675276752767528"",""Independent_35"":"" 3,479 "",""_c6"":"""",""Independent_31"":""0.79""}"
null,null,null,null,null,null,null,null,null,null,null,"{""_c11"":""7"",""_c18"":"" 0.36 "",""_c10"":"""","" Time dependent _20"":"" 1.00 "",""_c0"":"""","" Time dependent _16"":"" 0.39 "",""_c4"":"""",""_c1"":"""","" Time dependent _23"":"" 0.28 "",""Independent_30"":"" 1.32 "",""_c12"":""Project-J-8"",""Independent_38"":""-1.3"",""Independent_36"":""11"",""_c29"":"" 1.31 "",""_c21"":"" 0.28 "",""_c13"":"" 0.45 "",""Independent_37"":"" 85,714,286 "",""_c3"":"""",""Independent_39"":""108.95 "",""_c5"":"""",""Independent_32"":""0.8"","" Time dependent _19"":"" 0.36 "",""_c9"":"""",""_c28"":"" 1.32 "",""_c22"":"" 0.28 "",""_c14"":"" 0.45 "",""_c8"":"""",""_c25"":"" 0.95 "",""_c17"":"" 0.36 "",""Independent_40"":""67.71"",""_c42"":""0.8709666180204"",""Independent_34"":""1.07584485407066"",""_file_path"":""s3://myfirstbucket-tamuda/Construction%20Projects%201/Construction%20Projects%20Dataset%202.csv"",""_c7"":"""",""Independent_33"":""1"",""_c26"":"" 0.95 "",""_c2"":"""",""_c41"":""0.618081180811808"",""Independent_35"":"" 3,479 "",""_c6"":"""",""Independent_31"":""1.05""}"
null,null,null,null,null,null,null,null,null,null,null,"{""_c11"":""8"",""_c18"":"" 0.44 "",""_c10"":"""","" Time dependent _20"":"" 1.00 "",""_c0"":"""","" Time dependent _16"":"" 0.46 "",""_c4"":"""",""_c1"":"""","" Time dependent _23"":"" 0.28 "",""Independent_30"":"" 1.53 "",""_c12"":""Project-J-9"",""Independent_38"":""-0.61"",""Independent_36"":""11"",""_c29"":"" 1.53 "",""_c21"":"" 0.28 "",""_c13"":"" 0.50 "",""Independent_37"":"" 85,714,286 "",""_c3"":"""",""Independent_39"":""108.95 "",""_c5"":"""",""Independent_32"":""0.73"","" Time dependent _19"":"" 0.44 "",""_c9"":"""",""_c28"":"" 1.54 "",""_c22"":"" 0.29 "",""_c14"":"" 0.50 "",""_c8"":"""",""_c25"":"" 0.95 "",""_c17"":"" 0.44 "",""Independent_40"":""72.91"",""_c42"":""0.821514200506"",""Independent_34"":""1.13402457757296"",""_file_path"":""s3://myfirstbucket-tamuda/Construction%20Projects%201/Construction%20Projects%20Dataset%202.csv"",""_c7"":"""",""Independent_33"":""1"",""_c26"":"" 0.95 "",""_c2"":"""",""_c41"":""0.564575645756458"",""Independent_35"":"" 3,479 "",""_c6"":"""",""Independent_31"":""1.13""}"
null,null,null,null,null,null,null,null,null,null,null,"{""_c11"":""9"",""_c18"":"" 0.50 "",""_c10"":"""","" Time dependent _20"":"" 1.00 "",""_c0"":"""","" Time dependent _16"":"" 0.56 "",""_c4"":"""",""_c1"":"""","" Time dependent _23"":"" 0.32 "",""Independent_30"":"" 1.54 "",""_c12"":""Project-J-10"",""Independent_38"":""-0.37"",""Independent_36"":""11"",""_c29"":"" 1.54 "",""_c21"":"" 0.32 "",""_c13"":"" 0.56 "",""Independent_37"":"" 85,714,286 "",""_c3"":"""",""Independent_39"":""108.95 "",""_c5"":"""",""Independent_32"":""0.64"","" Time dependent _19"":"" 0.50 "",""_c9"":"""",""_c28"":"" 1.55 "",""_c22"":"" 0.33 "",""_c14"":"" 0.56 "",""_c8"":"""",""_c25"":"" 0.89 "",""_c17"":"" 0.50 "",""Independent_40"":""75.73"",""_c42"":""0.8205473103716"",""Independent_34"":""1.16868279569892"",""_file_path"":""s3://myfirstbucket-tamuda/Construction%20Projects%201/Construction%20Projects%20Dataset%202.csv"",""_c7"":"""",""Independent_33"":""1"",""_c26"":"" 0.89 "",""_c2"":"""",""_c41"":""0.507380073800738"",""Independent_35"":"" 3,479 "",""_c6"":"""",""Independent_31"":""0.99""}"
null,null,null,null,null,null,null,null,null,null,null,"{""_c11"":""10"",""_c18"":"" 0.58 "",""_c10"":"""","" Time dependent _20"":"" 1.00 "",""_c0"":"""","" Time dependent _16"":"" 0.66 "",""_c4"":"""",""_c1"":"""","" Time dependent _23"":"" 0.37 "",""Independent_30"":"" 1.56 "",""_c12"":""Project-J-11"",""Independent_38"":""0.11"",""Independent_36"":""11"",""_c29"":"" 1.55 "",""_c21"":"" 0.37 "",""_c13"":"" 0.61 "",""Independent_37"":"" 85,714,286 "",""_c3"":"""",""Independent_39"":""108.95 "",""_c5"":"""",""Independent_32"":""0.55"","" Time dependent _19"":"" 0.58 "",""_c9"":"""",""_c28"":"" 1.57 "",""_c22"":"" 0.37 "",""_c14"":"" 0.61 "",""_c8"":"""",""_c25"":"" 0.88 "",""_c17"":"" 0.58 "",""Independent_40"":""74.84"",""_c42"":""0.80916832423"",""Independent_34"":""1.15937019969278"",""_file_path"":""s3://myfirstbucket-tamuda/Construction%20Projects%201/Construction%20Projects%20Dataset%202.csv"",""_c7"":"""",""Independent_33"":""1"",""_c26"":"" 0.88 "",""_c2"":"""",""_c41"":""0.450184501845018"",""Independent_35"":"" 3,479 "",""_c6"":"""",""Independent_31"":""0.86""}"
null,null,null,null,null,null,null,null,null,null,null,"{""_c11"":""11"",""_c18"":"" 0.68 "",""_c10"":"""","" Time dependent _20"":"" 1.00 "",""_c0"":"""","" Time dependent _16"":"" 0.80 "",""_c4"":"""",""_c1"":"""","" Time dependent _23"":"" 0.45 "",""Independent_30"":"" 1.50 "",""_c12"":""Project-J-12"",""Independent_38"":""1.2"",""Independent_36"":""11"",""_c29"":"" 1.50 "",""_c21"":"" 0.45 "",""_c13"":"" 0.67 "",""Independent_37"":"" 85,714,286 "",""_c3"":"""",""Independent_39"":""108.95 "",""_c5"":"""",""Independent_32"":""0.77"","" Time dependent _19"":"" 0.68 "",""_c9"":"""",""_c28"":"" 1.51 "",""_c22"":"" 0.45 "",""_c14"":"" 0.67 "",""_c8"":"""",""_c25"":"" 0.85 "",""_c17"":"" 0.68 "",""Independent_40"":""74.06"",""_c42"":""0.808885907294"",""Independent_34"":""1.15120967741935"",""_file_path"":""s3://myfirstbucket-tamuda/Construction%20Projects%201/Construction%20Projects%20Dataset%202.csv"",""_c7"":"""",""Independent_33"":""1"",""_c26"":"" 0.85 "",""_c2"":"""",""_c41"":""0.394833948339483"",""Independent_35"":"" 3,479 "",""_c6"":"""",""Independent_31"":""1.17""}"
null,null,null,null,null,null,null,null,null,null,null,"{""_c11"":""12"",""_c18"":"" 0.74 "",""_c10"":"""","" Time dependent _20"":"" 1.00 "",""_c0"":"""","" Time dependent _16"":"" 0.84 "",""_c4"":"""",""_c1"":"""","" Time dependent _23"":"" 0.51 "",""Independent_30"":"" 1.46 "",""_c12"":""Project-J-13"",""Independent_38"":""0.15"",""Independent_36"":""11"",""_c29"":"" 1.45 "",""_c21"":"" 0.51 "",""_c13"":"" 0.73 "",""Independent_37"":"" 85,714,286 "",""_c3"":"""",""Independent_39"":""108.95 "",""_c5"":"""",""Independent_32"":""0.71"","" Time dependent _19"":"" 0.74 "",""_c9"":"""",""_c28"":"" 1.46 "",""_c22"":"" 0.51 "",""_c14"":"" 0.73 "",""_c8"":"""",""_c25"":"" 0.88 "",""_c17"":"" 0.74 "",""Independent_40"":""73.27"",""_c42"":""0.8195434003308"",""Independent_34"":""1.14314516129032"",""_file_path"":""s3://myfirstbucket-tamuda/Construction%20Projects%201/Construction%20Projects%20Dataset%202.csv"",""_c7"":"""",""Independent_33"":""1"",""_c26"":"" 0.88 "",""_c2"":"""",""_c41"":""0.337638376383764"",""Independent_35"":"" 3,479 "",""_c6"":"""",""Independent_31"":""1.04""}"
null,null,null,null,null,null,null,null,null,null,null,"{""_c11"":""13"",""_c18"":"" 0.84 "",""_c10"":"""","" Time dependent _20"":"" 1.00 "",""_c0"":"""","" Time dependent _16"":"" 0.88 "",""_c4"":"""",""_c1"":"""","" Time dependent _23"":"" 0.56 "",""Independent_30"":"" 1.50 "",""_c12"":""Project-J-14"",""Independent_38"":""1.2"",""Independent_36"":""11"",""_c29"":"" 1.50 "",""_c21"":"" 0.55 "",""_c13"":"" 0.78 "",""Independent_37"":"" 85,714,286 "",""_c3"":"""",""Independent_39"":""108.95 "",""_c5"":"""",""Independent_32"":""0.74"","" Time dependent _19"":"" 0.84 "",""_c9"":"""",""_c28"":"" 1.51 "",""_c22"":"" 0.56 "",""_c14"":"" 0.78 "",""_c8"":"""",""_c25"":"" 0.95 "",""_c17"":"" 0.84 "",""Independent_40"":""74.96"",""_c42"":""0.796447745072"",""Independent_34"":""1.16493855606759"",""_file_path"":""s3://myfirstbucket-tamuda/Construction%20Projects%201/Construction%20Projects%20Dataset%202.csv"",""_c7"":"""",""Independent_33"":""1"",""_c26"":"" 0.95 "",""_c2"":"""",""_c41"":""0.282287822878229"",""Independent_35"":"" 3,479 "",""_c6"":"""",""Independent_31"":""1.12""}"
null,null,null,null,null,null,null,null,null,null,null,"{""_c11"":""14"",""_c18"":"" 0.89 "",""_c10"":"""","" Time dependent _20"":"" 1.00 "",""_c0"":"""","" Time dependent _16"":"" 0.91 "",""_c4"":"""",""_c1"":"""","" Time dependent _23"":"" 0.61 "",""Independent_30"":"" 1.45 "",""_c12"":""Project-J-15"",""Independent_38"":""1.64"",""Independent_36"":""11"",""_c29"":"" 1.44 "",""_c21"":"" 0.61 "",""_c13"":"" 0.84 "",""Independent_37"":"" 85,714,286 "",""_c3"":"""",""Independent_39"":""108.95 "",""_c5"":"""",""Independent_32"":""0.7"","" Time dependent _19"":"" 0.89 "",""_c9"":"""",""_c28"":"" 1.45 "",""_c22"":"" 0.62 "",""_c14"":"" 0.84 "",""_c8"":"""",""_c25"":"" 0.98 "",""_c17"":"" 0.89 "",""Independent_40"":""76.15"",""_c42"":""0.8086097517488"",""Independent_34"":""1.17828341013825"",""_file_path"":""s3://myfirstbucket-tamuda/Construction%20Projects%201/Construction%20Projects%20Dataset%202.csv"",""_c7"":"""",""Independent_33"":""1"",""_c26"":"" 0.98 "",""_c2"":"""",""_c41"":""0.225092250922509"",""Independent_35"":"" 3,479 "",""_c6"":"""",""Independent_31"":""1.01""}"
null,null,null,null,null,null,null,null,null,null,null,"{""_c11"":""15"",""_c18"":"" 0.94 "",""_c10"":"""","" Time dependent _20"":"" 1.00 "",""_c0"":"""","" Time dependent _16"":"" 0.95 "",""_c4"":"""",""_c1"":"""","" Time dependent _23"":"" 0.65 "",""Independent_30"":"" 1.45 "",""_c12"":""Project-J-16"",""Independent_38"":""-0.78"",""Independent_36"":""11"",""_c29"":"" 1.44 "",""_c21"":"" 0.64 "",""_c13"":"" 0.90 "",""Independent_37"":"" 85,714,286 "",""_c3"":"""",""Independent_39"":""108.95 "",""_c5"":"""",""Independent_32"":""0.8"","" Time dependent _19"":"" 0.94 "",""_c9"":"""",""_c28"":"" 1.45 "",""_c22"":"" 0.65 "",""_c14"":"" 0.90 "",""_c8"":"""",""_c25"":"" 0.98 "",""_c17"":"" 0.94 "",""Independent_40"":""76.03"",""_c42"":""0.7854182786832"",""Independent_34"":""1.17693932411674"",""_file_path"":""s3://myfirstbucket-tamuda/Construction%20Projects%201/Construction%20Projects%20Dataset%202.csv"",""_c7"":"""",""Independent_33"":""1"",""_c26"":"" 0.98 "",""_c2"":"""",""_c41"":""0.16789667896679"",""Independent_35"":"" 3,479 "",""_c6"":"""",""Independent_31"":""1.16""}"
null,null,null,null,null,null,null,null,null,null,null,"{""_c11"":""16"",""_c18"":"" 0.96 "",""_c10"":"""","" Time dependent _20"":"" 1.00 "",""_c0"":"""","" Time dependent _16"":"" 0.98 "",""_c4"":"""",""_c1"":"""","" Time dependent _23"":"" 0.71 "",""Independent_30"":"" 1.36 "",""_c12"":""Project-J-17"",""Independent_38"":""1.56"",""Independent_36"":""11"",""_c29"":"" 1.36 "",""_c21"":"" 0.71 "",""_c13"":"" 0.95 "",""Independent_37"":"" 85,714,286 "",""_c3"":"""",""Independent_39"":""108.95 "",""_c5"":"""",""Independent_32"":""0.78"","" Time dependent _19"":"" 0.96 "",""_c9"":"""",""_c28"":"" 1.37 "",""_c22"":"" 0.71 "",""_c14"":"" 0.95 "",""_c8"":"""",""_c25"":"" 0.99 "",""_c17"":"" 0.96 "",""Independent_40"":""76.75"",""_c42"":""0.8141886244936"",""Independent_34"":""1.18500384024578"",""_file_path"":""s3://myfirstbucket-tamuda/Construction%20Projects%201/Construction%20Projects%20Dataset%202.csv"",""_c7"":"""",""Independent_33"":""1"",""_c26"":"" 0.99 "",""_c2"":"""",""_c41"":""0.112546125461255"",""Independent_35"":"" 3,479 "",""_c6"":"""",""Independent_31"":""1.06""}"
null,null,null,null,null,null,null,null,null,null,null,"{""_c11"":""17"",""_c18"":"" 0.99 "",""_c10"":"""","" Time dependent _20"":"" 1.00 "",""_c0"":"""","" Time dependent _16"":"" 1.00 "",""_c4"":"""",""_c1"":"""","" Time dependent _23"":"" 0.75 "",""Independent_30"":"" 1.32 "",""_c12"":""Project-J-18"",""Independent_38"":""0.0800000000000001"",""Independent_36"":""11"",""_c29"":"" 1.31 "",""_c21"":"" 0.75 "",""_c13"":"" 1.01 "",""Independent_37"":"" 85,714,286 "",""_c3"":"""",""Independent_39"":""108.95 "",""_c5"":"""",""Independent_32"":""0.82"","" Time dependent _19"":"" 0.99 "",""_c9"":"""",""_c28"":"" 1.32 "",""_c22"":"" 0.75 "",""_c14"":"" 1.01 "",""_c8"":"""",""_c25"":"" 0.99 "",""_c17"":"" 0.99 "",""Independent_40"":""75.98"",""_c42"":""0.8179636231956"",""Independent_34"":""1.17665130568356"",""_file_path"":""s3://myfirstbucket-tamuda/Construction%20Projects%201/Construction%20Projects%20Dataset%202.csv"",""_c7"":"""",""Independent_33"":""1"",""_c26"":"" 0.99 "",""_c2"":"""",""_c41"":""0.0553505535055351"",""Independent_35"":"" 3,479 "",""_c6"":"""",""Independent_31"":""1.08""}"
null,null,null,null,null,null,null,null,null,null,null,"{""_c11"":""18"",""_c18"":"" 1.00 "",""_c10"":"""","" Time dependent _20"":"" 1.00 "",""_c0"":"""","" Time dependent _16"":"" 1.00 "",""_c4"":"""",""_c1"":"""","" Time dependent _23"":"" 0.88 "",""Independent_30"":"" 1.14 "",""_c12"":""Project-J-19"",""Independent_38"":""1.51"",""Independent_36"":""11"",""_c29"":"" 1.14 "",""_c21"":"" 0.87 "",""_c13"":"" 1.06 "",""Independent_37"":"" 85,714,286 "",""_c3"":"""",""Independent_39"":""108.95 "",""_c5"":"""",""Independent_32"":""0.88"","" Time dependent _19"":"" 1.00 "",""_c9"":"""",""_c28"":"" 1.14 "",""_c22"":"" 0.88 "",""_c14"":"" 1.06 "",""_c8"":"""",""_c25"":"" 1.00 "",""_c17"":"" 1.00 "",""Independent_40"":""75.2"",""_c42"":""0.9125522701696"",""Independent_34"":""1.16993087557604"",""_file_path"":""s3://myfirstbucket-tamuda/Construction%20Projects%201/Construction%20Projects%20Dataset%202.csv"",""_c7"":"""",""Independent_33"":""1"",""_c26"":"" 1.00 "",""_c2"":"""",""_c41"":""0"",""Independent_35"":"" 3,479 "",""_c6"":"""",""Independent_31"":""1.01""}"
null,null,null,null,null,null,null,null,null,null,null,"{""_c11"":"""",""_c18"":"""",""_c10"":"""","" Time dependent _20"":"""",""_c0"":"""","" Time dependent _16"":"""",""_c4"":"""",""_c1"":"""","" Time dependent _23"":"""",""Independent_30"":"""",""_c12"":"""",""Independent_38"":"""",""Independent_36"":"""",""_c29"":"""",""_c21"":"""",""_c13"":"""",""Independent_37"":"""",""_c3"":"""",""Independent_39"":"""",""_c5"":"""",""Independent_32"":"""","" Time dependent _19"":"""",""_c9"":"""",""_c28"":"""",""_c22"":"""",""_c14"":"""",""_c8"":"""",""_c25"":"""",""_c17"":"""",""Independent_40"":"""",""_c42"":"""",""Independent_34"":"""",""_file_path"":""s3://myfirstbucket-tamuda/Construction%20Projects%201/Construction%20Projects%20Dataset%202.csv"",""_c7"":"""",""Independent_33"":"""",""_c26"":"""",""_c2"":"""",""_c41"":"""",""Independent_35"":"""",""_c6"":"""",""Independent_31"":""""}"
null,null,null,null,null,null,null,null,null,null,null,"{""_c11"":"""",""_c18"":"""",""_c10"":"""","" Time dependent _20"":"""",""_c0"":"""","" Time dependent _16"":"""",""_c4"":"""",""_c1"":"""","" Time dependent _23"":"""",""Independent_30"":"""",""_c12"":"""",""Independent_38"":"""",""Independent_36"":"""",""_c29"":"""",""_c21"":"""",""_c13"":"""",""Independent_37"":"""",""_c3"":"""",""Independent_39"":"""",""_c5"":"""",""Independent_32"":"""","" Time dependent _19"":"""",""_c9"":"""",""_c28"":"""",""_c22"":"""",""_c14"":"""",""_c8"":"""",""_c25"":"""",""_c17"":"""",""Independent_40"":"""",""_c42"":"""",""Independent_34"":"""",""_file_path"":""s3://myfirstbucket-tamuda/Construction%20Projects%201/Construction%20Projects%20Dataset%202.csv"",""_c7"":"""",""Independent_33"":"""",""_c26"":"""",""_c2"":"""",""_c41"":"""",""Independent_35"":"""",""_c6"":"""",""Independent_31"":""""}"
null,null,null,null,null,null,null,null,null,null,null,"{""_c11"":"""",""_c18"":"""",""_c10"":"""","" Time dependent _20"":"""",""_c0"":"""","" Time dependent _16"":"""",""_c4"":"""",""_c1"":"""","" Time dependent _23"":"""",""Independent_30"":"""",""_c12"":"""",""Independent_38"":"""",""Independent_36"":"""",""_c29"":"""",""_c21"":"""",""_c13"":"""",""Independent_37"":"""",""_c3"":"""",""Independent_39"":"""",""_c5"":"""",""Independent_32"":"""","" Time dependent _19"":"""",""_c9"":"""",""_c28"":"""",""_c22"":"""",""_c14"":"""",""_c8"":"""",""_c25"":"""",""_c17"":"""",""Independent_40"":"""",""_c42"":"""",""Independent_34"":"""",""_file_path"":""s3://myfirstbucket-tamuda/Construction%20Projects%201/Construction%20Projects%20Dataset%202.csv"",""_c7"":"""",""Independent_33"":"""",""_c26"":"""",""_c2"":"""",""_c41"":"""",""Independent_35"":"""",""_c6"":"""",""Independent_31"":""""}"
null,null,null,null,null,null,null,null,null,null,null,"{""_c11"":""1"",""_c18"":"""",""_c10"":""29"","" Time dependent _20"":"" 1.00 "",""_c0"":""E"","" Time dependent _16"":"" -   "",""_c4"":""11"",""_c1"":"" 12,622 "","" Time dependent _23"":"" -   "",""Independent_30"":"" 1.00 "",""_c12"":""Project-A-1"",""Independent_38"":""0.54"",""Independent_36"":""11"",""_c29"":"""",""_c21"":"" -   "",""_c13"":"" 0.04 "",""Independent_37"":"" 289,992,000 "",""_c3"":""9"",""Independent_39"":""107.44"",""_c5"":""1"",""Independent_32"":""1"","" Time dependent _19"":"" -   "",""_c9"":"" 289,992,000 "",""_c28"":"" 1.00 "",""_c22"":"""",""_c14"":"" 0.04 "",""_c8"":""630"",""_c25"":"" 1.00 "",""_c17"":"" -   "",""Independent_40"":""64.64"",""_c42"":""0.880672733894"",""Independent_34"":""1"",""_file_path"":""s3://myfirstbucket-tamuda/Construction%20Projects%201/Construction%20Projects%20Dataset%202.csv"",""_c7"":""2005-08-22"",""Independent_33"":""1"",""_c26"":"""",""_c2"":""2"",""_c41"":""1.00263157894737"",""Independent_35"":"" 12,622 "",""_c6"":""2003-12-01"",""Independent_31"":""1""}"
null,null,null,null,null,null,null,null,null,null,null,"{""_c11"":""2"",""_c18"":"" 0.04 "",""_c10"":"""","" Time dependent _20"":"" 1.00 "",""_c0"":"""","" Time dependent _16"":"" 0.05 "",""_c4"":"""",""_c1"":"""","" Time dependent _23"":"" 0.02 "",""Independent_30"":"" 2.01 "",""_c12"":""Project-A-2"",""Independent_38"":""-1.3"",""Independent_36"":""11"",""_c29"":"" 2.01 "",""_c21"":"" 0.02 "",""_c13"":"" 0.08 "",""Independent_37"":"" 289,992,000 "",""_c3"":"""",""Independent_39"":""108.95"",""_c5"":"""",""Independent_32"":""1"","" Time dependent _19"":"" 0.04 "",""_c9"":"""",""_c28"":"" 2.01 "",""_c22"":"" 0.02 "",""_c14"":"" 0.08 "",""_c8"":"""",""_c25"":"" 0.69 "",""_c17"":"" 0.04 "",""Independent_40"":""67.71"",""_c42"":""0.9033674301232"",""Independent_34"":""1.03214515980473"",""_file_path"":""s3://myfirstbucket-tamuda/Construction%20Projects%201/Construction%20Projects%20Dataset%202.csv"",""_c7"":"""",""Independent_33"":""1"",""_c26"":"" 0.69 "",""_c2"":"""",""_c41"":""0.961842105263158"",""Independent_35"":"" 12,622 "",""_c6"":"""",""Independent_31"":""1""}"
null,null,null,null,null,null,null,null,null,null,null,"{""_c11"":""3"",""_c18"":"" 0.08 "",""_c10"":"""","" Time dependent _20"":"" 1.00 "",""_c0"":"""","" Time dependent _16"":"" 0.09 "",""_c4"":"""",""_c1"":"""","" Time dependent _23"":"" 0.03 "",""Independent_30"":"" 2.24 "",""_c12"":""Project-A-3"",""Independent_38"":""-0.61"",""Independent_36"":""11"",""_c29"":"" 2.24 "",""_c21"":"" 0.03 "",""_c13"":"" 0.12 "",""Independent_37"":"" 289,992,000 "",""_c3"":"""",""Independent_39"":""108.95"",""_c5"":"""",""Independent_32"":""0.75"","" Time dependent _19"":"" 0.08 "",""_c9"":"""",""_c28"":"" 2.24 "",""_c22"":"" 0.03 "",""_c14"":"" 0.12 "",""_c8"":"""",""_c25"":"" 0.89 "",""_c17"":"" 0.08 "",""Independent_40"":""72.91"",""_c42"":""0.8894512067576"",""Independent_34"":""1.08796168370636"",""_file_path"":""s3://myfirstbucket-tamuda/Construction%20Projects%201/Construction%20Projects%20Dataset%202.csv"",""_c7"":"""",""Independent_33"":""1"",""_c26"":"" 0.89 "",""_c2"":"""",""_c41"":""0.923684210526316"",""Independent_35"":"" 12,622 "",""_c6"":"""",""Independent_31"":""1.67""}"
null,null,null,null,null,null,null,null,null,null,null,"{""_c11"":""4"",""_c18"":"" 0.10 "",""_c10"":"""","" Time dependent _20"":"" 1.00 "",""_c0"":"""","" Time dependent _16"":"" 0.10 "",""_c4"":"""",""_c1"":"""","" Time dependent _23"":"" 0.05 "",""Independent_30"":"" 2.05 "",""_c12"":""Project-A-4"",""Independent_38"":""-0.37"",""Independent_36"":""11"",""_c29"":"" 2.05 "",""_c21"":"" 0.05 "",""_c13"":"" 0.16 "",""Independent_37"":"" 289,992,000 "",""_c3"":"""",""Independent_39"":""108.95"",""_c5"":"""",""Independent_32"":""0.65"","" Time dependent _19"":"" 0.10 "",""_c9"":"""",""_c28"":"" 2.05 "",""_c22"":"" 0.05 "",""_c14"":"" 0.16 "",""_c8"":"""",""_c25"":"" 0.99 "",""_c17"":"" 0.10 "",""Independent_40"":""75.73"",""_c42"":""0.8946389477108"",""Independent_34"":""1.12121212121212"",""_file_path"":""s3://myfirstbucket-tamuda/Construction%20Projects%201/Construction%20Projects%20Dataset%202.csv"",""_c7"":"""",""Independent_33"":""1"",""_c26"":"" 0.99 "",""_c2"":"""",""_c41"":""0.882894736842105"",""Independent_35"":"" 12,622 "",""_c6"":"""",""Independent_31"":""1.33""}"
null,null,null,null,null,null,null,null,null,null,null,"{""_c11"":""5"",""_c18"":"" 0.11 "",""_c10"":"""","" Time dependent _20"":"" 1.00 "",""_c0"":"""","" Time dependent _16"":"" 0.12 "",""_c4"":"""",""_c1"":"""","" Time dependent _23"":"" 0.09 "",""Independent_30"":"" 1.27 "",""_c12"":""Project-A-5"",""Independent_38"":""0.11"",""Independent_36"":""11"",""_c29"":"" 1.27 "",""_c21"":"" 0.09 "",""_c13"":"" 0.20 "",""Independent_37"":"" 289,992,000 "",""_c3"":"""",""Independent_39"":""108.95"",""_c5"":"""",""Independent_32"":""0.57"","" Time dependent _19"":"" 0.11 "",""_c9"":"""",""_c28"":"" 1.27 "",""_c22"":"" 0.09 "",""_c14"":"" 0.20 "",""_c8"":"""",""_c25"":"" 0.99 "",""_c17"":"" 0.11 "",""Independent_40"":""74.84"",""_c42"":""0.9563048836364"",""Independent_34"":""1.11227779312886"",""_file_path"":""s3://myfirstbucket-tamuda/Construction%20Projects%201/Construction%20Projects%20Dataset%202.csv"",""_c7"":"""",""Independent_33"":""1"",""_c26"":"" 0.99 "",""_c2"":"""",""_c41"":""0.842105263157895"",""Independent_35"":"" 12,622 "",""_c6"":"""",""Independent_31"":""0.73""}"
null,null,null,null,null,null,null,null,null,null,null,"{""_c11"":""6"",""_c18"":"" 0.12 "",""_c10"":"""","" Time dependent _20"":"" 1.00 "",""_c0"":"""","" Time dependent _16"":"" 0.12 "",""_c4"":"""",""_c1"":"""","" Time dependent _23"":"" 0.12 "",""Independent_30"":"" 1.02 "",""_c12"":""Project-A-6"",""Independent_38"":""1.2"",""Independent_36"":""11"",""_c29"":"" 1.02 "",""_c21"":"" 0.12 "",""_c13"":"" 0.24 "",""Independent_37"":"" 289,992,000 "",""_c3"":"""",""Independent_39"":""108.95"",""_c5"":"""",""Independent_32"":""1.05"","" Time dependent _19"":"" 0.12 "",""_c9"":"""",""_c28"":"" 1.02 "",""_c22"":"" 0.12 "",""_c14"":"" 0.24 "",""_c8"":"""",""_c25"":"" 1.00 "",""_c17"":"" 0.12 "",""Independent_40"":""74.06"",""_c42"":""0.97351364516"",""Independent_34"":""1.10444874274662"",""_file_path"":""s3://myfirstbucket-tamuda/Construction%20Projects%201/Construction%20Projects%20Dataset%202.csv"",""_c7"":"""",""Independent_33"":""1"",""_c26"":"" 1.00 "",""_c2"":"""",""_c41"":""0.802631578947368"",""Independent_35"":"" 12,622 "",""_c6"":"""",""Independent_31"":""1.07""}"
null,null,null,null,null,null,null,null,null,null,null,"{""_c11"":""7"",""_c18"":"" 0.14 "",""_c10"":"""","" Time dependent _20"":"" 1.00 "",""_c0"":"""","" Time dependent _16"":"" 0.14 "",""_c4"":"""",""_c1"":"""","" Time dependent _23"":"" 0.14 "",""Independent_30"":"" 1.00 "",""_c12"":""Project-A-7"",""Independent_38"":""0.15"",""Independent_36"":""11"",""_c29"":"" 1.00 "",""_c21"":"" 0.14 "",""_c13"":"" 0.28 "",""Independent_37"":"" 289,992,000 "",""_c3"":"""",""Independent_39"":""108.95"",""_c5"":"""",""Independent_32"":""1.06"","" Time dependent _19"":"" 0.14 "",""_c9"":"""",""_c28"":"" 1.00 "",""_c22"":"" 0.14 "",""_c14"":"" 0.28 "",""_c8"":"""",""_c25"":"" 0.99 "",""_c17"":"" 0.14 "",""Independent_40"":""73.27"",""_c42"":""0.975502301284"",""Independent_34"":""1.09671179883946"",""_file_path"":""s3://myfirstbucket-tamuda/Construction%20Projects%201/Construction%20Projects%20Dataset%202.csv"",""_c7"":"""",""Independent_33"":""1"",""_c26"":"" 0.99 "",""_c2"":"""",""_c41"":""0.761842105263158"",""Independent_35"":"" 12,622 "",""_c6"":"""",""Independent_31"":""1.06""}"
null,null,null,null,null,null,null,null,null,null,null,"{""_c11"":""8"",""_c18"":"" 0.15 "",""_c10"":"""","" Time dependent _20"":"" 1.00 "",""_c0"":"""","" Time dependent _16"":"" 0.15 "",""_c4"":"""",""_c1"":"""","" Time dependent _23"":"" 0.15 "",""Independent_30"":"" 1.04 "",""_c12"":""Project-A-8"",""Independent_38"":""1.2"",""Independent_36"":""11"",""_c29"":"" 1.04 "",""_c21"":"" 0.15 "",""_c13"":"" 0.32 "",""Independent_37"":"" 289,992,000 "",""_c3"":"""",""Independent_39"":""108.95"",""_c5"":"""",""Independent_32"":""1.09"","" Time dependent _19"":"" 0.15 "",""_c9"":"""",""_c28"":"" 1.04 "",""_c22"":"" 0.15 "",""_c14"":"" 0.32 "",""_c8"":"""",""_c25"":"" 1.00 "",""_c17"":"" 0.15 "",""Independent_40"":""74.96"",""_c42"":""0.9633976051456"",""Independent_34"":""1.1176199686838"",""_file_path"":""s3://myfirstbucket-tamuda/Construction%20Projects%201/Construction%20Projects%20Dataset%202.csv"",""_c7"":"""",""Independent_33"":""1"",""_c26"":"" 1.00 "",""_c2"":"""",""_c41"":""0.722368421052632"",""Independent_35"":"" 12,622 "",""_c6"":"""",""Independent_31"":""1.14""}"
null,null,null,null,null,null,null,null,null,null,null,"{""_c11"":""9"",""_c18"":"" 0.17 "",""_c10"":"""","" Time dependent _20"":"" 1.00 "",""_c0"":"""","" Time dependent _16"":"" 0.16 "",""_c4"":"""",""_c1"":"""","" Time dependent _23"":"" 0.18 "",""Independent_30"":"" 0.92 "",""_c12"":""Project-A-9"",""Independent_38"":""1.64"",""Independent_36"":""11"",""_c29"":"" 0.92 "",""_c21"":"" 0.18 "",""_c13"":"" 0.36 "",""Independent_37"":"" 289,992,000 "",""_c3"":"""",""Independent_39"":""108.95"",""_c5"":"""",""Independent_32"":""0.99"","" Time dependent _19"":"" 0.17 "",""_c9"":"""",""_c28"":"" 0.92 "",""_c22"":"" 0.18 "",""_c14"":"" 0.36 "",""_c8"":"""",""_c25"":"" 1.02 "",""_c17"":"" 0.17 "",""Independent_40"":""76.15"",""_c42"":""0.9928121636472"",""Independent_34"":""1.13042276872064"",""_file_path"":""s3://myfirstbucket-tamuda/Construction%20Projects%201/Construction%20Projects%20Dataset%202.csv"",""_c7"":"""",""Independent_33"":""1"",""_c26"":"" 1.02 "",""_c2"":"""",""_c41"":""0.681578947368421"",""Independent_35"":"" 12,622 "",""_c6"":"""",""Independent_31"":""0.91""}"
null,null,null,null,null,null,null,null,null,null,null,"{""_c11"":""10"",""_c18"":"" 0.17 "",""_c10"":"""","" Time dependent _20"":"" 1.00 "",""_c0"":"""","" Time dependent _16"":"" 0.16 "",""_c4"":"""",""_c1"":"""","" Time dependent _23"":"" 0.23 "",""Independent_30"":"" 0.73 "",""_c12"":""Project-A-10"",""Independent_38"":""-0.78"",""Independent_36"":""11"",""_c29"":"" 0.73 "",""_c21"":"" 0.23 "",""_c13"":"" 0.40 "",""Independent_37"":"" 289,992,000 "",""_c3"":"""",""Independent_39"":""108.95"",""_c5"":"""",""Independent_32"":""0.93"","" Time dependent _19"":"" 0.17 "",""_c9"":"""",""_c28"":"" 0.73 "",""_c22"":"" 0.23 "",""_c14"":"" 0.40 "",""_c8"":"""",""_c25"":"" 1.02 "",""_c17"":"" 0.17 "",""Independent_40"":""76.03"",""_c42"":""1.0357449143752"",""Independent_34"":""1.12913327806945"",""_file_path"":""s3://myfirstbucket-tamuda/Construction%20Projects%201/Construction%20Projects%20Dataset%202.csv"",""_c7"":"""",""Independent_33"":""1"",""_c26"":"" 1.02 "",""_c2"":"""",""_c41"":""0.640789473684211"",""Independent_35"":"" 12,622 "",""_c6"":"""",""Independent_31"":""0.68""}"
null,null,null,null,null,null,null,null,null,null,null,"{""_c11"":""11"",""_c18"":"" 0.23 "",""_c10"":"""","" Time dependent _20"":"" 1.00 "",""_c0"":"""","" Time dependent _16"":"" 0.25 "",""_c4"":"""",""_c1"":"""","" Time dependent _23"":"" 0.27 "",""Independent_30"":"" 0.86 "",""_c12"":""Project-A-11"",""Independent_38"":""1.56"",""Independent_36"":""11"",""_c29"":"" 0.86 "",""_c21"":"" 0.27 "",""_c13"":"" 0.44 "",""Independent_37"":"" 289,992,000 "",""_c3"":"""",""Independent_39"":""108.95"",""_c5"":"""",""Independent_32"":""0.75"","" Time dependent _19"":"" 0.23 "",""_c9"":"""",""_c28"":"" 0.86 "",""_c22"":"" 0.27 "",""_c14"":"" 0.44 "",""_c8"":"""",""_c25"":"" 0.93 "",""_c17"":"" 0.23 "",""Independent_40"":""76.75"",""_c42"":""1.0100357342992"",""Independent_34"":""1.13687022197661"",""_file_path"":""s3://myfirstbucket-tamuda/Construction%20Projects%201/Construction%20Projects%20Dataset%202.csv"",""_c7"":"""",""Independent_33"":""1"",""_c26"":"" 0.93 "",""_c2"":"""",""_c41"":""0.601315789473684"",""Independent_35"":"" 12,622 "",""_c6"":"""",""Independent_31"":""0.64""}"
null,null,null,null,null,null,null,null,null,null,null,"{""_c11"":""12"",""_c18"":"" 0.30 "",""_c10"":"""","" Time dependent _20"":"" 1.00 "",""_c0"":"""","" Time dependent _16"":"" 0.30 "",""_c4"":"""",""_c1"":"""","" Time dependent _23"":"" 0.32 "",""Independent_30"":"" 0.95 "",""_c12"":""Project-A-12"",""Independent_38"":""0.0800000000000001"",""Independent_36"":""11"",""_c29"":"" 0.95 "",""_c21"":"" 0.32 "",""_c13"":"" 0.48 "",""Independent_37"":"" 289,992,000 "",""_c3"":"""",""Independent_39"":""108.95"",""_c5"":"""",""Independent_32"":""0.75"","" Time dependent _19"":"" 0.30 "",""_c9"":"""",""_c28"":"" 0.95 "",""_c22"":"" 0.32 "",""_c14"":"" 0.48 "",""_c8"":"""",""_c25"":"" 1.02 "",""_c17"":"" 0.30 "",""Independent_40"":""75.98"",""_c42"":""0.9846485923752"",""Independent_34"":""1.12885695864419"",""_file_path"":""s3://myfirstbucket-tamuda/Construction%20Projects%201/Construction%20Projects%20Dataset%202.csv"",""_c7"":"""",""Independent_33"":""1"",""_c26"":"" 1.02 "",""_c2"":"""",""_c41"":""0.560526315789474"",""Independent_35"":"" 12,622 "",""_c6"":"""",""Independent_31"":""0.71""}"
null,null,null,null,null,null,null,null,null,null,null,"{""_c11"":""13"",""_c18"":"" 0.33 "",""_c10"":"""","" Time dependent _20"":"" 1.00 "",""_c0"":"""","" Time dependent _16"":"" 0.35 "",""_c4"":"""",""_c1"":"""","" Time dependent _23"":"" 0.37 "",""Independent_30"":"" 0.88 "",""_c12"":""Project-A-13"",""Independent_38"":""1.51"",""Independent_36"":""11"",""_c29"":"" 0.88 "",""_c21"":"" 0.37 "",""_c13"":"" 0.52 "",""Independent_37"":"" 289,992,000 "",""_c3"":"""",""Independent_39"":""108.95"",""_c5"":"""",""Independent_32"":""0.78"","" Time dependent _19"":"" 0.33 "",""_c9"":"""",""_c28"":"" 0.88 "",""_c22"":"" 0.37 "",""_c14"":"" 0.52 "",""_c8"":"""",""_c25"":"" 0.94 "",""_c17"":"" 0.33 "",""Independent_40"":""75.2"",""_c42"":""1.0097488962516"",""Independent_34"":""1.12240950538823"",""_file_path"":""s3://myfirstbucket-tamuda/Construction%20Projects%201/Construction%20Projects%20Dataset%202.csv"",""_c7"":"""",""Independent_33"":""1"",""_c26"":"" 0.94 "",""_c2"":"""",""_c41"":""0.521052631578947"",""Independent_35"":"" 12,622 "",""_c6"":"""",""Independent_31"":""0.69""}"
null,null,null,null,null,null,null,null,null,null,null,"{""_c11"":""14"",""_c18"":"" 0.39 "",""_c10"":"""","" Time dependent _20"":"" 1.00 "",""_c0"":"""","" Time dependent _16"":"" 0.41 "",""_c4"":"""",""_c1"":"""","" Time dependent _23"":"" 0.40 "",""Independent_30"":"" 0.97 "",""_c12"":""Project-A-14"",""Independent_38"":""-0.22"",""Independent_36"":""11"",""_c29"":"" 0.97 "",""_c21"":"" 0.40 "",""_c13"":"" 0.56 "",""Independent_37"":"" 289,992,000 "",""_c3"":"""",""Independent_39"":""102"",""_c5"":"""",""Independent_32"":""0.77"","" Time dependent _19"":"" 0.39 "",""_c9"":"""",""_c28"":"" 0.97 "",""_c22"":"" 0.40 "",""_c14"":"" 0.56 "",""_c8"":"""",""_c25"":"" 0.95 "",""_c17"":"" 0.39 "",""Independent_40"":""74.6"",""_c42"":""0.9532249613904"",""Independent_34"":""1.11688311688312"",""_file_path"":""s3://myfirstbucket-tamuda/Construction%20Projects%201/Construction%20Projects%20Dataset%202.csv"",""_c7"":"""",""Independent_33"":""1"",""_c26"":"" 0.95 "",""_c2"":"""",""_c41"":""0.480263157894737"",""Independent_35"":"" 12,622 "",""_c6"":"""",""Independent_31"":""0.74""}"
null,null,null,null,null,null,null,null,null,null,null,"{""_c11"":""15"",""_c18"":"" 0.43 "",""_c10"":"""","" Time dependent _20"":"" 1.00 "",""_c0"":"""","" Time dependent _16"":"" 0.45 "",""_c4"":"""",""_c1"":"""","" Time dependent _23"":"" 0.42 "",""Independent_30"":"" 1.02 "",""_c12"":""Project-A-15"",""Independent_38"":""-1.61"",""Independent_36"":""11"",""_c29"":"" 1.02 "",""_c21"":"" 0.42 "",""_c13"":"" 0.60 "",""Independent_37"":"" 289,992,000 "",""_c3"":"""",""Independent_39"":""102"",""_c5"":"""",""Independent_32"":""0.79"","" Time dependent _19"":"" 0.43 "",""_c9"":"""",""_c28"":"" 1.02 "",""_c22"":"" 0.42 "",""_c14"":"" 0.60 "",""_c8"":"""",""_c25"":"" 0.95 "",""_c17"":"" 0.43 "",""Independent_40"":""75.24"",""_c42"":""0.9313537106528"",""Independent_34"":""1.12415952841485"",""_file_path"":""s3://myfirstbucket-tamuda/Construction%20Projects%201/Construction%20Projects%20Dataset%202.csv"",""_c7"":"""",""Independent_33"":""1"",""_c26"":"" 0.95 "",""_c2"":"""",""_c41"":""0.442105263157895"",""Independent_35"":"" 12,622 "",""_c6"":"""",""Independent_31"":""0.81""}"
null,null,null,null,null,null,null,null,null,null,null,"{""_c11"":""16"",""_c18"":"" 0.57 "",""_c10"":"""","" Time dependent _20"":"" 1.00 "",""_c0"":"""","" Time dependent _16"":"" 0.61 "",""_c4"":"""",""_c1"":"""","" Time dependent _23"":"" 0.47 "",""Independent_30"":"" 1.20 "",""_c12"":""Project-A-16"",""Independent_38"":""-0.19"",""Independent_36"":""11"",""_c29"":"" 1.20 "",""_c21"":"" 0.47 "",""_c13"":"" 0.68 "",""Independent_37"":"" 289,992,000 "",""_c3"":"""",""Independent_39"":""102"",""_c5"":"""",""Independent_32"":""0.7"","" Time dependent _19"":"" 0.57 "",""_c9"":"""",""_c28"":"" 1.20 "",""_c22"":"" 0.47 "",""_c14"":"" 0.68 "",""_c8"":"""",""_c25"":"" 0.94 "",""_c17"":"" 0.57 "",""Independent_40"":""75.5"",""_c42"":""0.8880841442932"",""Independent_34"":""1.12802800036843"",""_file_path"":""s3://myfirstbucket-tamuda/Construction%20Projects%201/Construction%20Projects%20Dataset%202.csv"",""_c7"":"""",""Independent_33"":""1"",""_c26"":"" 0.94 "",""_c2"":"""",""_c41"":""0.361842105263158"",""Independent_35"":"" 12,622 "",""_c6"":"""",""Independent_31"":""0.84""}"
null,null,null,null,null,null,null,null,null,null,null,"{""_c11"":""17"",""_c18"":"" 0.67 "",""_c10"":"""","" Time dependent _20"":"" 1.00 "",""_c0"":"""","" Time dependent _16"":"" 0.70 "",""_c4"":"""",""_c1"":"""","" Time dependent _23"":"" 0.53 "",""Independent_30"":"" 1.26 "",""_c12"":""Project-A-17"",""Independent_38"":""0.15"",""Independent_36"":""11"",""_c29"":"" 1.26 "",""_c21"":"" 0.53 "",""_c13"":"" 0.72 "",""Independent_37"":"" 289,992,000 "",""_c3"":"""",""Independent_39"":""102"",""_c5"":"""",""Independent_32"":""0.68"","" Time dependent _19"":"" 0.67 "",""_c9"":"""",""_c28"":"" 1.26 "",""_c22"":"" 0.53 "",""_c14"":"" 0.72 "",""_c8"":"""",""_c25"":"" 0.95 "",""_c17"":"" 0.67 "",""Independent_40"":""75.37"",""_c42"":""0.884821641294"",""Independent_34"":""1.11890945933499"",""_file_path"":""s3://myfirstbucket-tamuda/Construction%20Projects%201/Construction%20Projects%20Dataset%202.csv"",""_c7"":"""",""Independent_33"":""1"",""_c26"":"" 0.95 "",""_c2"":"""",""_c41"":""0.322368421052632"",""Independent_35"":"" 12,622 "",""_c6"":"""",""Independent_31"":""0.86""}"
null,null,null,null,null,null,null,null,null,null,null,"{""_c11"":""18"",""_c18"":"" 0.76 "",""_c10"":"""","" Time dependent _20"":"" 1.00 "",""_c0"":"""","" Time dependent _16"":"" 0.79 "",""_c4"":"""",""_c1"":"""","" Time dependent _23"":"" 0.63 "",""Independent_30"":"" 1.21 "",""_c12"":""Project-A-18"",""Independent_38"":""0.67"",""Independent_36"":""11"",""_c29"":"" 1.21 "",""_c21"":"" 0.63 "",""_c13"":"" 0.76 "",""Independent_37"":"" 289,992,000 "",""_c3"":"""",""Independent_39"":""102"",""_c5"":"""",""Independent_32"":""0.72"","" Time dependent _19"":"" 0.76 "",""_c9"":"""",""_c28"":"" 1.21 "",""_c22"":"" 0.63 "",""_c14"":"" 0.76 "",""_c8"":"""",""_c25"":"" 0.96 "",""_c17"":"" 0.76 "",""Independent_40"":""74.47"",""_c42"":""0.9249517437936"",""Independent_34"":""1.10619876577323"",""_file_path"":""s3://myfirstbucket-tamuda/Construction%20Projects%201/Construction%20Projects%20Dataset%202.csv"",""_c7"":"""",""Independent_33"":""1"",""_c26"":"" 0.96 "",""_c2"":"""",""_c41"":""0.281578947368421"",""Independent_35"":"" 12,622 "",""_c6"":"""",""Independent_31"":""0.87""}"
null,null,null,null,null,null,null,null,null,null,null,"{""_c11"":""19"",""_c18"":"" 0.86 "",""_c10"":"""","" Time dependent _20"":"" 1.00 "",""_c0"":"""","" Time dependent _16"":"" 0.89 "",""_c4"":"""",""_c1"":"""","" Time dependent _23"":"" 0.71 "",""Independent_30"":"" 1.20 "",""_c12"":""Project-A-19"",""Independent_38"":""0.26"",""Independent_36"":""11"",""_c29"":"" 1.20 "",""_c21"":"" 0.71 "",""_c13"":"" 0.80 "",""Independent_37"":"" 289,992,000 "",""_c3"":"""",""Independent_39"":""102"",""_c5"":"""",""Independent_32"":""0.73"","" Time dependent _19"":"" 0.86 "",""_c9"":"""",""_c28"":"" 1.20 "",""_c22"":"" 0.71 "",""_c14"":"" 0.80 "",""_c8"":"""",""_c25"":"" 0.97 "",""_c17"":"" 0.86 "",""Independent_40"":""73.27"",""_c42"":""0.948575315178"",""Independent_34"":""1.10527770102238"",""_file_path"":""s3://myfirstbucket-tamuda/Construction%20Projects%201/Construction%20Projects%20Dataset%202.csv"",""_c7"":"""",""Independent_33"":""1"",""_c26"":"" 0.97 "",""_c2"":"""",""_c41"":""0.242105263157895"",""Independent_35"":"" 12,622 "",""_c6"":"""",""Independent_31"":""0.88""}"
null,null,null,null,null,null,null,null,null,null,null,"{""_c11"":""20"",""_c18"":"" 0.97 "",""_c10"":"""","" Time dependent _20"":"" 1.00 "",""_c0"":"""","" Time dependent _16"":"" 0.98 "",""_c4"":"""",""_c1"":"""","" Time dependent _23"":"" 0.84 "",""Independent_30"":"" 1.16 "",""_c12"":""Project-A-20"",""Independent_38"":""1.31"",""Independent_36"":""11"",""_c29"":"" 1.16 "",""_c21"":"" 0.84 "",""_c13"":"" 0.84 "",""Independent_37"":"" 289,992,000 "",""_c3"":"""",""Independent_39"":""102"",""_c5"":"""",""Independent_32"":""0.83"","" Time dependent _19"":"" 0.97 "",""_c9"":"""",""_c28"":"" 1.16 "",""_c22"":"" 0.84 "",""_c14"":"" 0.84 "",""_c8"":"""",""_c25"":"" 0.99 "",""_c17"":"" 0.97 "",""Independent_40"":""73.17"",""_c42"":""1.0020184017116"",""Independent_34"":""1.10933038592613"",""_file_path"":""s3://myfirstbucket-tamuda/Construction%20Projects%201/Construction%20Projects%20Dataset%202.csv"",""_c7"":"""",""Independent_33"":""1"",""_c26"":"" 0.99 "",""_c2"":"""",""_c41"":""0.201315789473684"",""Independent_35"":"" 12,622 "",""_c6"":"""",""Independent_31"":""0.97""}"
null,null,null,null,null,null,null,null,null,null,null,"{""_c11"":""21"",""_c18"":"" 0.98 "",""_c10"":"""","" Time dependent _20"":"" 1.00 "",""_c0"":"""","" Time dependent _16"":"" 0.99 "",""_c4"":"""",""_c1"":"""","" Time dependent _23"":"" 0.92 "",""Independent_30"":"" 1.07 "",""_c12"":""Project-A-21"",""Independent_38"":""1.34"",""Independent_36"":""11"",""_c29"":"" 1.07 "",""_c21"":"" 0.92 "",""_c13"":"" 0.88 "",""Independent_37"":"" 289,992,000 "",""_c3"":"""",""Independent_39"":""102"",""_c5"":"""",""Independent_32"":""0.82"","" Time dependent _19"":"" 0.98 "",""_c9"":"""",""_c28"":"" 1.07 "",""_c22"":"" 0.92 "",""_c14"":"" 0.88 "",""_c8"":"""",""_c25"":"" 0.99 "",""_c17"":"" 0.98 "",""Independent_40"":""73.55"",""_c42"":""1.0647742104908"",""Independent_34"":""1.11780418163397"",""_file_path"":""s3://myfirstbucket-tamuda/Construction%20Projects%201/Construction%20Projects%20Dataset%202.csv"",""_c7"":"""",""Independent_33"":""1"",""_c26"":"" 0.99 "",""_c2"":"""",""_c41"":""0.160526315789474"",""Independent_35"":"" 12,622 "",""_c6"":"""",""Independent_31"":""0.88""}"
null,null,null,null,null,null,null,null,null,null,null,"{""_c11"":""22"",""_c18"":"" 0.99 "",""_c10"":"""","" Time dependent _20"":"" 1.00 "",""_c0"":"""","" Time dependent _16"":"" 1.00 "",""_c4"":"""",""_c1"":"""","" Time dependent _23"":"" 0.94 "",""Independent_30"":"" 1.05 "",""_c12"":""Project-A-22"",""Independent_38"":""-0.32"",""Independent_36"":""11"",""_c29"":"" 1.05 "",""_c21"":"" 0.94 "",""_c13"":"" 0.92 "",""Independent_37"":"" 289,992,000 "",""_c3"":"""",""Independent_39"":""102"",""_c5"":"""",""Independent_32"":""0.91"","" Time dependent _19"":"" 0.99 "",""_c9"":"""",""_c28"":"" 1.05 "",""_c22"":"" 0.94 "",""_c14"":"" 0.92 "",""_c8"":"""",""_c25"":"" 0.99 "",""_c17"":"" 0.99 "",""Independent_40"":""74.34"",""_c42"":""1.0615286419388"",""Independent_34"":""1.11909367228516"",""_file_path"":""s3://myfirstbucket-tamuda/Construction%20Projects%201/Construction%20Projects%20Dataset%202.csv"",""_c7"":"""",""Independent_33"":""1"",""_c26"":"" 0.99 "",""_c2"":"""",""_c41"":""0.121052631578947"",""Independent_35"":"" 12,622 "",""_c6"":"""",""Independent_31"":""0.95""}"
null,null,null,null,null,null,null,null,null,null,null,"{""_c11"":""23"",""_c18"":"" 0.99 "",""_c10"":"""","" Time dependent _20"":"" 1.01 "",""_c0"":"""","" Time dependent _16"":"" 1.00 "",""_c4"":"""",""_c1"":"""","" Time dependent _23"":"" 0.96 "",""Independent_30"":"" 1.03 "",""_c12"":""Project-A-23"",""Independent_38"":""0.0299999999999998"",""Independent_36"":""11"",""_c29"":"" 1.03 "",""_c21"":"" 0.97 "",""_c13"":"" 0.96 "",""Independent_37"":"" 289,992,000 "",""_c3"":"""",""Independent_39"":""102"",""_c5"":"""",""Independent_32"":""0.89"","" Time dependent _19"":"" 1.00 "",""_c9"":"""",""_c28"":"" 1.03 "",""_c22"":"" 0.96 "",""_c14"":"" 0.96 "",""_c8"":"""",""_c25"":"" 0.99 "",""_c17"":"" 1.00 "",""Independent_40"":""74.34"",""_c42"":""1.0750764816428"",""Independent_34"":""1.11586994565718"",""_file_path"":""s3://myfirstbucket-tamuda/Construction%20Projects%201/Construction%20Projects%20Dataset%202.csv"",""_c7"":"""",""Independent_33"":""1.01"",""_c26"":"" 0.99 "",""_c2"":"""",""_c41"":""0.0802631578947368"",""Independent_35"":"" 12,622 "",""_c6"":"""",""Independent_31"":""0.92""}"
null,null,null,null,null,null,null,null,null,null,null,"{""_c11"":""24"",""_c18"":"" 0.99 "",""_c10"":"""","" Time dependent _20"":"" 1.01 "",""_c0"":"""","" Time dependent _16"":"" 1.00 "",""_c4"":"""",""_c1"":"""","" Time dependent _23"":"" 0.98 "",""Independent_30"":"" 1.01 "",""_c12"":""Project-A-24"",""Independent_38"":""0.38"",""Independent_36"":""11"",""_c29"":"" 1.01 "",""_c21"":"" 0.99 "",""_c13"":"" 1.00 "",""Independent_37"":"" 289,992,000 "",""_c3"":"""",""Independent_39"":""102"",""_c5"":"""",""Independent_32"":""0.89"","" Time dependent _19"":"" 1.00 "",""_c9"":"""",""_c28"":"" 1.01 "",""_c22"":"" 0.97 "",""_c14"":"" 1.00 "",""_c8"":"""",""_c25"":"" 0.99 "",""_c17"":"" 1.00 "",""Independent_40"":""73.98"",""_c42"":""1.0728728460268"",""Independent_34"":""1.11623837155752"",""_file_path"":""s3://myfirstbucket-tamuda/Construction%20Projects%201/Construction%20Projects%20Dataset%202.csv"",""_c7"":"""",""Independent_33"":""1.01"",""_c26"":"" 0.99 "",""_c2"":"""",""_c41"":""0.0407894736842105"",""Independent_35"":"" 12,622 "",""_c6"":"""",""Independent_31"":""0.91""}"
null,null,null,null,null,null,null,null,null,null,null,"{""_c11"":""25"",""_c18"":"" 1.00 "",""_c10"":"""","" Time dependent _20"":"" 1.01 "",""_c0"":"""","" Time dependent _16"":"" 1.00 "",""_c4"":"""",""_c1"":"""","" Time dependent _23"":"" 1.00 "",""Independent_30"":"" 1.01 "",""_c12"":""Project-A-25"",""Independent_38"":""0.78"",""Independent_36"":""11"",""_c29"":"" 1.01 "",""_c21"":"" 1.00 "",""_c13"":"" 1.04 "",""Independent_37"":"" 289,992,000 "",""_c3"":"""",""Independent_39"":""100"",""_c5"":"""",""Independent_32"":""1"","" Time dependent _19"":"" 1.01 "",""_c9"":"""",""_c28"":"" 1.01 "",""_c22"":"" 0.99 "",""_c14"":"" 1.04 "",""_c8"":"""",""_c25"":"" 1.00 "",""_c17"":"" 1.01 "",""Independent_40"":""73.97"",""_c42"":""1.057741466224"",""Independent_34"":""1.1207515888367"",""_file_path"":""s3://myfirstbucket-tamuda/Construction%20Projects%201/Construction%20Projects%20Dataset%202.csv"",""_c7"":"""",""Independent_33"":""1.01"",""_c26"":"" 1.00 "",""_c2"":"""",""_c41"":""0"",""Independent_35"":"" 12,622 "",""_c6"":"""",""Independent_31"":""1.01""}"
null,null,null,null,null,null,null,null,null,null,null,"{""_c11"":""26"",""_c18"":"" 1.00 "",""_c10"":"""","" Time dependent _20"":"" 1.01 "",""_c0"":"""","" Time dependent _16"":"" 1.00 "",""_c4"":"""",""_c1"":"""","" Time dependent _23"":"" 1.00 "",""Independent_30"":"" 1.01 "",""_c12"":""Project-A-26"",""Independent_38"":""-0.51"",""Independent_36"":""11"",""_c29"":"" 1.01 "",""_c21"":"" 1.00 "",""_c13"":"" 1.08 "",""Independent_37"":"" 289,992,000 "",""_c3"":"""",""Independent_39"":""100"",""_c5"":"""",""Independent_32"":""1"","" Time dependent _19"":"" 1.01 "",""_c9"":"""",""_c28"":"" 1.01 "",""_c22"":"" 0.99 "",""_c14"":"" 1.08 "",""_c8"":"""",""_c25"":"" 1.00 "",""_c17"":"" 1.01 "",""Independent_40"":""74.37"",""_c42"":""1.0398868239748"",""Independent_34"":""1.12637008381689"",""_file_path"":""s3://myfirstbucket-tamuda/Construction%20Projects%201/Construction%20Projects%20Dataset%202.csv"",""_c7"":"""",""Independent_33"":""1.01"",""_c26"":"" 1.00 "",""_c2"":"""",""_c41"":"""",""Independent_35"":"" 12,622 "",""_c6"":"""",""Independent_31"":""1.01""}"
null,null,null,null,null,null,null,null,null,null,null,"{""_c11"":""27"",""_c18"":"" 1.00 "",""_c10"":"""","" Time dependent _20"":"" 1.01 "",""_c0"":"""","" Time dependent _16"":"" 1.00 "",""_c4"":"""",""_c1"":"""","" Time dependent _23"":"" 1.00 "",""Independent_30"":"" 1.01 "",""_c12"":""Project-A-27"",""Independent_38"":""-1.61"",""Independent_36"":""11"",""_c29"":"" 1.01 "",""_c21"":"" 1.01 "",""_c13"":"" 1.12 "",""Independent_37"":"" 289,992,000 "",""_c3"":"""",""Independent_39"":""100"",""_c5"":"""",""Independent_32"":""1"","" Time dependent _19"":"" 1.01 "",""_c9"":"""",""_c28"":"" 1.01 "",""_c22"":"" 0.99 "",""_c14"":"" 1.12 "",""_c8"":"""",""_c25"":"" 1.00 "",""_c17"":"" 1.01 "",""Independent_40"":""74.88"",""_c42"":""1.02190986706996"",""Independent_34"":""1.13908077737865"",""_file_path"":""s3://myfirstbucket-tamuda/Construction%20Projects%201/Construction%20Projects%20Dataset%202.csv"",""_c7"":"""",""Independent_33"":""1.01"",""_c26"":"" 1.00 "",""_c2"":"""",""_c41"":"""",""Independent_35"":"" 12,622 "",""_c6"":"""",""Independent_31"":""1.01""}"
null,null,null,null,null,null,null,null,null,null,null,"{""_c11"":""28"",""_c18"":"" 1.00 "",""_c10"":"""","" Time dependent _20"":"" 1.01 "",""_c0"":"""","" Time dependent _16"":"" 1.00 "",""_c4"":"""",""_c1"":"""","" Time dependent _23"":"" 1.03 "",""Independent_30"":"" 0.97 "",""_c12"":""Project-A-28"",""Independent_38"":""0.89"",""Independent_36"":""11"",""_c29"":"" 0.97 "",""_c21"":"" 1.04 "",""_c13"":"" 1.16 "",""Independent_37"":"" 289,992,000 "",""_c3"":"""",""Independent_39"":""100"",""_c5"":"""",""Independent_32"":""1"","" Time dependent _19"":"" 1.01 "",""_c9"":"""",""_c28"":"" 0.97 "",""_c22"":"" 1.03 "",""_c14"":"" 1.16 "",""_c8"":"""",""_c25"":"" 1.00 "",""_c17"":"" 1.01 "",""Independent_40"":""75.99"",""_c42"":""1.04954869212036"",""Independent_34"":""1.16081790549876"",""_file_path"":""s3://myfirstbucket-tamuda/Construction%20Projects%201/Construction%20Projects%20Dataset%202.csv"",""_c7"":"""",""Independent_33"":""1.01"",""_c26"":"" 1.00 "",""_c2"":"""",""_c41"":"""",""Independent_35"":"" 12,622 "",""_c6"":"""",""Independent_31"":""0.97""}"
null,null,null,null,null,null,null,null,null,null,null,"{""_c11"":""29"",""_c18"":"" 1.00 "",""_c10"":"""","" Time dependent _20"":"" 1.01 "",""_c0"":"""","" Time dependent _16"":"" 1.00 "",""_c4"":"""",""_c1"":"""","" Time dependent _23"":"" 1.07 "",""Independent_30"":"" 0.94 "",""_c12"":""Project-A-29"",""Independent_38"":""-0.77"",""Independent_36"":""11"",""_c29"":"" 0.95 "",""_c21"":"" 1.09 "",""_c13"":"" 1.20 "",""Independent_37"":"" 289,992,000 "",""_c3"":"""",""Independent_39"":""100"",""_c5"":"""",""Independent_32"":""1"","" Time dependent _19"":"" 1.01 "",""_c9"":"""",""_c28"":"" 0.93 "",""_c22"":"" 1.06 "",""_c14"":"" 1.20 "",""_c8"":"""",""_c25"":"" 1.00 "",""_c17"":"" 1.01 "",""Independent_40"":""78.02"",""_c42"":""1.09684231633548"",""Independent_34"":""1.19618679193147"",""_file_path"":""s3://myfirstbucket-tamuda/Construction%20Projects%201/Construction%20Projects%20Dataset%202.csv"",""_c7"":"""",""Independent_33"":""1.01"",""_c26"":"" 1.00 "",""_c2"":"""",""_c41"":"""",""Independent_35"":"" 12,622 "",""_c6"":"""",""Independent_31"":""0.93""}"
null,null,null,null,null,null,null,null,null,null,null,"{""_c11"":"""",""_c18"":"""",""_c10"":"""","" Time dependent _20"":"""",""_c0"":"""","" Time dependent _16"":"""",""_c4"":"""",""_c1"":"""","" Time dependent _23"":"""",""Independent_30"":"""",""_c12"":"""",""Independent_38"":"""",""Independent_36"":"""",""_c29"":"""",""_c21"":"""",""_c13"":"""",""Independent_37"":"""",""_c3"":"""",""Independent_39"":"""",""_c5"":"""",""Independent_32"":"""","" Time dependent _19"":"""",""_c9"":"""",""_c28"":"""",""_c22"":"""",""_c14"":"""",""_c8"":"""",""_c25"":"""",""_c17"":"""",""Independent_40"":"""",""_c42"":"""",""Independent_34"":"""",""_file_path"":""s3://myfirstbucket-tamuda/Construction%20Projects%201/Construction%20Projects%20Dataset%202.csv"",""_c7"":"""",""Independent_33"":"""",""_c26"":"""",""_c2"":"""",""_c41"":"""",""Independent_35"":"""",""_c6"":"""",""Independent_31"":""""}"
null,null,null,null,null,null,null,null,null,null,null,"{""_c11"":"""",""_c18"":"""",""_c10"":"""","" Time dependent _20"":"""",""_c0"":"""","" Time dependent _16"":"""",""_c4"":"""",""_c1"":"""","" Time dependent _23"":"""",""Independent_30"":"""",""_c12"":"""",""Independent_38"":"""",""Independent_36"":"""",""_c29"":"""",""_c21"":"""",""_c13"":"""",""Independent_37"":"""",""_c3"":"""",""Independent_39"":"""",""_c5"":"""",""Independent_32"":"""","" Time dependent _19"":"""",""_c9"":"""",""_c28"":"""",""_c22"":"""",""_c14"":"""",""_c8"":"""",""_c25"":"""",""_c17"":"""",""Independent_40"":"""",""_c42"":"""",""Independent_34"":"""",""_file_path"":""s3://myfirstbucket-tamuda/Construction%20Projects%201/Construction%20Projects%20Dataset%202.csv"",""_c7"":"""",""Independent_33"":"""",""_c26"":"""",""_c2"":"""",""_c41"":"""",""Independent_35"":"""",""_c6"":"""",""Independent_31"":""""}"
null,null,null,null,null,null,null,null,null,null,null,"{""_c11"":"""",""_c18"":"""",""_c10"":"""","" Time dependent _20"":"""",""_c0"":"""","" Time dependent _16"":"""",""_c4"":"""",""_c1"":"""","" Time dependent _23"":"""",""Independent_30"":"""",""_c12"":"""",""Independent_38"":"""",""Independent_36"":"""",""_c29"":"""",""_c21"":"""",""_c13"":"""",""Independent_37"":"""",""_c3"":"""",""Independent_39"":"""",""_c5"":"""",""Independent_32"":"""","" Time dependent _19"":"""",""_c9"":"""",""_c28"":"""",""_c22"":"""",""_c14"":"""",""_c8"":"""",""_c25"":"""",""_c17"":"""",""Independent_40"":"""",""_c42"":"""",""Independent_34"":"""",""_file_path"":""s3://myfirstbucket-tamuda/Construction%20Projects%201/Construction%20Projects%20Dataset%202.csv"",""_c7"":"""",""Independent_33"":"""",""_c26"":"""",""_c2"":"""",""_c41"":"""",""Independent_35"":"""",""_c6"":"""",""Independent_31"":""""}"
null,null,null,null,null,null,null,null,null,null,null,"{""_c11"":""1"",""_c18"":"""",""_c10"":""24"","" Time dependent _20"":"" 1.00 "",""_c0"":""F"","" Time dependent _16"":"""",""_c4"":""14"",""_c1"":"" 4,919 "","" Time dependent _23"":"" -   "",""Independent_30"":"" 1.00 "",""_c12"":""Project-B-1"",""Independent_38"":""0.54"",""Independent_36"":""14"",""_c29"":"""",""_c21"":"" -   "",""_c13"":"" 0.02 "",""Independent_37"":"" 149,300,000 "",""_c3"":""11"",""Independent_39"":""107.44"",""_c5"":""1"",""Independent_32"":""1"","" Time dependent _19"":"" -   "",""_c9"":"" 149,300,000 "",""_c28"":"" 1.00 "",""_c22"":"""",""_c14"":"" 0.02 "",""_c8"":""698"",""_c25"":"" 1.00 "",""_c17"":"" -   "",""Independent_40"":""64.64"",""_c42"":""0.8792831105084"",""Independent_34"":""1"",""_file_path"":""s3://myfirstbucket-tamuda/Construction%20Projects%201/Construction%20Projects%20Dataset%202.csv"",""_c7"":""2005-11-10"",""Independent_33"":""1"",""_c26"":"""",""_c2"":""3"",""_c41"":""0.959885386819484"",""Independent_35"":"" 4,919 "",""_c6"":""2003-12-13"",""Independent_31"":""1""}"
null,null,null,null,null,null,null,null,null,null,null,"{""_c11"":""2"",""_c18"":"""",""_c10"":"""","" Time dependent _20"":"" 1.00 "",""_c0"":"""","" Time dependent _16"":"""",""_c4"":"""",""_c1"":"""","" Time dependent _23"":"" 0.03 "",""Independent_30"":"" 0.50 "",""_c12"":""Project-B-2"",""Independent_38"":""-1.3"",""Independent_36"":""14"",""_c29"":"" -   "",""_c21"":"" 0.03 "",""_c13"":"" 0.07 "",""Independent_37"":"" 149,300,000 "",""_c3"":"""",""Independent_39"":""108.95"",""_c5"":"""",""Independent_32"":""1"","" Time dependent _19"":"" -   "",""_c9"":"""",""_c28"":"" 1.00 "",""_c22"":"" 0.03 "",""_c14"":"" 0.07 "",""_c8"":"""",""_c25"":"" 1.00 "",""_c17"":"" -   "",""Independent_40"":""67.71"",""_c42"":""0.8978518840484"",""Independent_34"":""1.03214515980473"",""_file_path"":""s3://myfirstbucket-tamuda/Construction%20Projects%201/Construction%20Projects%20Dataset%202.csv"",""_c7"":"""",""Independent_33"":""1"",""_c26"":"""",""_c2"":"""",""_c41"":""0.915472779369627"",""Independent_35"":"" 4,919 "",""_c6"":"""",""Independent_31"":""1.16""}"
null,null,null,null,null,null,null,null,null,null,null,"{""_c11"":""3"",""_c18"":"" 0.11 "",""_c10"":"""","" Time dependent _20"":"" 1.00 "",""_c0"":"""","" Time dependent _16"":"" 0.11 "",""_c4"":"""",""_c1"":"""","" Time dependent _23"":"" 0.06 "",""Independent_30"":"" 1.76 "",""_c12"":""Project-B-3"",""Independent_38"":""-0.61"",""Independent_36"":""14"",""_c29"":"" 1.76 "",""_c21"":"" 0.06 "",""_c13"":"" 0.11 "",""Independent_37"":"" 149,300,000 "",""_c3"":"""",""Independent_39"":""108.95"",""_c5"":"""",""Independent_32"":""1"","" Time dependent _19"":"" 0.11 "",""_c9"":"""",""_c28"":"" 1.76 "",""_c22"":"" 0.06 "",""_c14"":"" 0.11 "",""_c8"":"""",""_c25"":"" 1.00 "",""_c17"":"" 0.11 "",""Independent_40"":""72.91"",""_c42"":""0.896246211072"",""Independent_34"":""1.08796168370636"",""_file_path"":""s3://myfirstbucket-tamuda/Construction%20Projects%201/Construction%20Projects%20Dataset%202.csv"",""_c7"":"""",""Independent_33"":""1"",""_c26"":"" 1.00 "",""_c2"":"""",""_c41"":""0.873925501432665"",""Independent_35"":"" 4,919 "",""_c6"":"""",""Independent_31"":""1.77""}"
null,null,null,null,null,null,null,null,null,null,null,"{""_c11"":""4"",""_c18"":"" 0.13 "",""_c10"":"""","" Time dependent _20"":"" 1.00 "",""_c0"":"""","" Time dependent _16"":"" 0.13 "",""_c4"":"""",""_c1"":"""","" Time dependent _23"":"" 0.10 "",""Independent_30"":"" 1.31 "",""_c12"":""Project-B-4"",""Independent_38"":""-0.37"",""Independent_36"":""14"",""_c29"":"" 1.31 "",""_c21"":"" 0.10 "",""_c13"":"" 0.15 "",""Independent_37"":"" 149,300,000 "",""_c3"":"""",""Independent_39"":""108.95"",""_c5"":"""",""Independent_32"":""1"","" Time dependent _19"":"" 0.13 "",""_c9"":"""",""_c28"":"" 1.31 "",""_c22"":"" 0.10 "",""_c14"":"" 0.15 "",""_c8"":"""",""_c25"":"" 1.00 "",""_c17"":"" 0.13 "",""Independent_40"":""75.73"",""_c42"":""0.9253036778828"",""Independent_34"":""1.12121212121212"",""_file_path"":""s3://myfirstbucket-tamuda/Construction%20Projects%201/Construction%20Projects%20Dataset%202.csv"",""_c7"":"""",""Independent_33"":""1"",""_c26"":"" 1.00 "",""_c2"":"""",""_c41"":""0.829512893982808"",""Independent_35"":"" 4,919 "",""_c6"":"""",""Independent_31"":""1.31""}"
null,null,null,null,null,null,null,null,null,null,null,"{""_c11"":""5"",""_c18"":"" 0.15 "",""_c10"":"""","" Time dependent _20"":"" 1.00 "",""_c0"":"""","" Time dependent _16"":"" 0.15 "",""_c4"":"""",""_c1"":"""","" Time dependent _23"":"" 0.13 "",""Independent_30"":"" 1.18 "",""_c12"":""Project-B-5"",""Independent_38"":""0.11"",""Independent_36"":""14"",""_c29"":"" 1.18 "",""_c21"":"" 0.13 "",""_c13"":"" 0.20 "",""Independent_37"":"" 149,300,000 "",""_c3"":"""",""Independent_39"":""108.95"",""_c5"":"""",""Independent_32"":""0.86"","" Time dependent _19"":"" 0.15 "",""_c9"":"""",""_c28"":"" 1.18 "",""_c22"":"" 0.13 "",""_c14"":"" 0.20 "",""_c8"":"""",""_c25"":"" 1.00 "",""_c17"":"" 0.15 "",""Independent_40"":""74.84"",""_c42"":""0.9536916297576"",""Independent_34"":""1.11227779312886"",""_file_path"":""s3://myfirstbucket-tamuda/Construction%20Projects%201/Construction%20Projects%20Dataset%202.csv"",""_c7"":"""",""Independent_33"":""1"",""_c26"":"" 1.00 "",""_c2"":"""",""_c41"":""0.785100286532951"",""Independent_35"":"" 4,919 "",""_c6"":"""",""Independent_31"":""1.01""}"
null,null,null,null,null,null,null,null,null,null,null,"{""_c11"":""6"",""_c18"":"" 0.16 "",""_c10"":"""","" Time dependent _20"":"" 1.00 "",""_c0"":"""","" Time dependent _16"":"" 0.16 "",""_c4"":"""",""_c1"":"""","" Time dependent _23"":"" 0.14 "",""Independent_30"":"" 1.14 "",""_c12"":""Project-B-6"",""Independent_38"":""1.2"",""Independent_36"":""14"",""_c29"":"" 1.14 "",""_c21"":"" 0.14 "",""_c13"":"" 0.24 "",""Independent_37"":"" 149,300,000 "",""_c3"":"""",""Independent_39"":""108.95"",""_c5"":"""",""Independent_32"":""0.77"","" Time dependent _19"":"" 0.16 "",""_c9"":"""",""_c28"":"" 1.14 "",""_c22"":"" 0.14 "",""_c14"":"" 0.24 "",""_c8"":"""",""_c25"":"" 1.00 "",""_c17"":"" 0.16 "",""Independent_40"":""74.06"",""_c42"":""0.9578930313032"",""Independent_34"":""1.10444874274662"",""_file_path"":""s3://myfirstbucket-tamuda/Construction%20Projects%201/Construction%20Projects%20Dataset%202.csv"",""_c7"":"""",""Independent_33"":""1"",""_c26"":"" 1.00 "",""_c2"":"""",""_c41"":""0.742120343839542"",""Independent_35"":"" 4,919 "",""_c6"":"""",""Independent_31"":""0.88""}"
null,null,null,null,null,null,null,null,null,null,null,"{""_c11"":""7"",""_c18"":"" 0.16 "",""_c10"":"""","" Time dependent _20"":"" 1.00 "",""_c0"":"""","" Time dependent _16"":"" 0.16 "",""_c4"":"""",""_c1"":"""","" Time dependent _23"":"" 0.17 "",""Independent_30"":"" 0.99 "",""_c12"":""Project-B-7"",""Independent_38"":""0.15"",""Independent_36"":""14"",""_c29"":"" 0.99 "",""_c21"":"" 0.17 "",""_c13"":"" 0.29 "",""Independent_37"":"" 149,300,000 "",""_c3"":"""",""Independent_39"":""108.95"",""_c5"":"""",""Independent_32"":""1.36"","" Time dependent _19"":"" 0.16 "",""_c9"":"""",""_c28"":"" 0.99 "",""_c22"":"" 0.17 "",""_c14"":"" 0.29 "",""_c8"":"""",""_c25"":"" 1.00 "",""_c17"":"" 0.16 "",""Independent_40"":""73.27"",""_c42"":""0.953092942798"",""Independent_34"":""1.09671179883946"",""_file_path"":""s3://myfirstbucket-tamuda/Construction%20Projects%201/Construction%20Projects%20Dataset%202.csv"",""_c7"":"""",""Independent_33"":""1"",""_c26"":"" 1.00 "",""_c2"":"""",""_c41"":""0.697707736389685"",""Independent_35"":"" 4,919 "",""_c6"":"""",""Independent_31"":""1.35""}"
null,null,null,null,null,null,null,null,null,null,null,"{""_c11"":""8"",""_c18"":"" 0.19 "",""_c10"":"""","" Time dependent _20"":"" 1.00 "",""_c0"":"""","" Time dependent _16"":"" 0.19 "",""_c4"":"""",""_c1"":"""","" Time dependent _23"":"" 0.19 "",""Independent_30"":"" 0.97 "",""_c12"":""Project-B-8"",""Independent_38"":""1.2"",""Independent_36"":""14"",""_c29"":"" 0.97 "",""_c21"":"" 0.19 "",""_c13"":"" 0.33 "",""Independent_37"":"" 149,300,000 "",""_c3"":"""",""Independent_39"":""108.95"",""_c5"":"""",""Independent_32"":""1.19"","" Time dependent _19"":"" 0.19 "",""_c9"":"""",""_c28"":"" 0.97 "",""_c22"":"" 0.19 "",""_c14"":"" 0.33 "",""_c8"":"""",""_c25"":"" 1.00 "",""_c17"":"" 0.19 "",""Independent_40"":""74.96"",""_c42"":""0.972696950178"",""Independent_34"":""1.1176199686838"",""_file_path"":""s3://myfirstbucket-tamuda/Construction%20Projects%201/Construction%20Projects%20Dataset%202.csv"",""_c7"":"""",""Independent_33"":""1"",""_c26"":"" 1.00 "",""_c2"":"""",""_c41"":""0.654727793696275"",""Independent_35"":"" 4,919 "",""_c6"":"""",""Independent_31"":""1.15""}"
null,null,null,null,null,null,null,null,null,null,null,"{""_c11"":""9"",""_c18"":"" 0.26 "",""_c10"":"""","" Time dependent _20"":"" 1.00 "",""_c0"":"""","" Time dependent _16"":"" 0.26 "",""_c4"":"""",""_c1"":"""","" Time dependent _23"":"" 0.22 "",""Independent_30"":"" 1.19 "",""_c12"":""Project-B-9"",""Independent_38"":""1.64"",""Independent_36"":""14"",""_c29"":"" 1.19 "",""_c21"":"" 0.22 "",""_c13"":"" 0.37 "",""Independent_37"":"" 149,300,000 "",""_c3"":"""",""Independent_39"":""108.95"",""_c5"":"""",""Independent_32"":""1.15"","" Time dependent _19"":"" 0.26 "",""_c9"":"""",""_c28"":"" 1.19 "",""_c22"":"" 0.22 "",""_c14"":"" 0.37 "",""_c8"":"""",""_c25"":"" 1.00 "",""_c17"":"" 0.26 "",""Independent_40"":""76.15"",""_c42"":""0.9033602703216"",""Independent_34"":""1.13042276872064"",""_file_path"":""s3://myfirstbucket-tamuda/Construction%20Projects%201/Construction%20Projects%20Dataset%202.csv"",""_c7"":"""",""Independent_33"":""1"",""_c26"":"" 1.00 "",""_c2"":"""",""_c41"":""0.610315186246418"",""Independent_35"":"" 4,919 "",""_c6"":"""",""Independent_31"":""1.36""}"
null,null,null,null,null,null,null,null,null,null,null,"{""_c11"":""10"",""_c18"":"" 0.30 "",""_c10"":"""","" Time dependent _20"":"" 1.00 "",""_c0"":"""","" Time dependent _16"":"" 0.30 "",""_c4"":"""",""_c1"":"""","" Time dependent _23"":"" 0.25 "",""Independent_30"":"" 1.20 "",""_c12"":""Project-B-10"",""Independent_38"":""-0.78"",""Independent_36"":""14"",""_c29"":"" 1.20 "",""_c21"":"" 0.25 "",""_c13"":"" 0.42 "",""Independent_37"":"" 149,300,000 "",""_c3"":"""",""Independent_39"":""108.95"",""_c5"":"""",""Independent_32"":""1.13"","" Time dependent _19"":"" 0.30 "",""_c9"":"""",""_c28"":"" 1.20 "",""_c22"":"" 0.25 "",""_c14"":"" 0.42 "",""_c8"":"""",""_c25"":"" 1.00 "",""_c17"":"" 0.30 "",""Independent_40"":""76.03"",""_c42"":""0.8913739613488"",""Independent_34"":""1.12913327806945"",""_file_path"":""s3://myfirstbucket-tamuda/Construction%20Projects%201/Construction%20Projects%20Dataset%202.csv"",""_c7"":"""",""Independent_33"":""1"",""_c26"":"" 1.00 "",""_c2"":"""",""_c41"":""0.565902578796562"",""Independent_35"":"" 4,919 "",""_c6"":"""",""Independent_31"":""1.36""}"
null,null,null,null,null,null,null,null,null,null,null,"{""_c11"":""11"",""_c18"":"" 0.32 "",""_c10"":"""","" Time dependent _20"":"" 1.00 "",""_c0"":"""","" Time dependent _16"":"" 0.32 "",""_c4"":"""",""_c1"":"""","" Time dependent _23"":"" 0.29 "",""Independent_30"":"" 1.06 "",""_c12"":""Project-B-11"",""Independent_38"":""1.56"",""Independent_36"":""14"",""_c29"":"" 1.10 "",""_c21"":"" 0.29 "",""_c13"":"" 0.46 "",""Independent_37"":"" 149,300,000 "",""_c3"":"""",""Independent_39"":""108.95"",""_c5"":"""",""Independent_32"":""1.29"","" Time dependent _19"":"" 0.31 "",""_c9"":"""",""_c28"":"" 1.02 "",""_c22"":"" 0.29 "",""_c14"":"" 0.46 "",""_c8"":"""",""_c25"":"" 1.00 "",""_c17"":"" 0.30 "",""Independent_40"":""76.75"",""_c42"":""0.940918215516"",""Independent_34"":""1.13687022197661"",""_file_path"":""s3://myfirstbucket-tamuda/Construction%20Projects%201/Construction%20Projects%20Dataset%202.csv"",""_c7"":"""",""Independent_33"":""1"",""_c26"":"" 1.00 "",""_c2"":"""",""_c41"":""0.522922636103152"",""Independent_35"":"" 4,919 "",""_c6"":"""",""Independent_31"":""1.31""}"
null,null,null,null,null,null,null,null,null,null,null,"{""_c11"":""12"",""_c18"":"" 0.33 "",""_c10"":"""","" Time dependent _20"":"" 1.00 "",""_c0"":"""","" Time dependent _16"":"" 0.34 "",""_c4"":"""",""_c1"":"""","" Time dependent _23"":"" 0.33 "",""Independent_30"":"" 1.02 "",""_c12"":""Project-B-12"",""Independent_38"":""0.0800000000000001"",""Independent_36"":""14"",""_c29"":"" 1.02 "",""_c21"":"" 0.33 "",""_c13"":"" 0.51 "",""Independent_37"":"" 149,300,000 "",""_c3"":"""",""Independent_39"":""108.95"",""_c5"":"""",""Independent_32"":""1.16"","" Time dependent _19"":"" 0.33 "",""_c9"":"""",""_c28"":"" 1.02 "",""_c22"":"" 0.33 "",""_c14"":"" 0.51 "",""_c8"":"""",""_c25"":"" 0.98 "",""_c17"":"" 0.33 "",""Independent_40"":""75.98"",""_c42"":""0.949510727142"",""Independent_34"":""1.12885695864419"",""_file_path"":""s3://myfirstbucket-tamuda/Construction%20Projects%201/Construction%20Projects%20Dataset%202.csv"",""_c7"":"""",""Independent_33"":""1"",""_c26"":"" 0.98 "",""_c2"":"""",""_c41"":""0.478510028653295"",""Independent_35"":"" 4,919 "",""_c6"":"""",""Independent_31"":""1.18""}"
null,null,null,null,null,null,null,null,null,null,null,"{""_c11"":""13"",""_c18"":"" 0.37 "",""_c10"":"""","" Time dependent _20"":"" 1.00 "",""_c0"":"""","" Time dependent _16"":"" 0.37 "",""_c4"":"""",""_c1"":"""","" Time dependent _23"":"" 0.36 "",""Independent_30"":"" 1.02 "",""_c12"":""Project-B-13"",""Independent_38"":""1.51"",""Independent_36"":""14"",""_c29"":"" 1.02 "",""_c21"":"" 0.36 "",""_c13"":"" 0.55 "",""Independent_37"":"" 149,300,000 "",""_c3"":"""",""Independent_39"":""108.95"",""_c5"":"""",""Independent_32"":""1.23"","" Time dependent _19"":"" 0.37 "",""_c9"":"""",""_c28"":"" 1.02 "",""_c22"":"" 0.36 "",""_c14"":"" 0.55 "",""_c8"":"""",""_c25"":"" 1.00 "",""_c17"":"" 0.37 "",""Independent_40"":""75.2"",""_c42"":""0.9245875631384"",""Independent_34"":""1.12240950538823"",""_file_path"":""s3://myfirstbucket-tamuda/Construction%20Projects%201/Construction%20Projects%20Dataset%202.csv"",""_c7"":"""",""Independent_33"":""1"",""_c26"":"" 1.00 "",""_c2"":"""",""_c41"":""0.435530085959885"",""Independent_35"":"" 4,919 "",""_c6"":"""",""Independent_31"":""1.25""}"
null,null,null,null,null,null,null,null,null,null,null,"{""_c11"":""14"",""_c18"":"" 0.41 "",""_c10"":"""","" Time dependent _20"":"" 1.01 "",""_c0"":"""","" Time dependent _16"":"" 0.41 "",""_c4"":"""",""_c1"":"""","" Time dependent _23"":"" 0.40 "",""Independent_30"":"" 1.02 "",""_c12"":""Project-B-14"",""Independent_38"":""-0.22"",""Independent_36"":""14"",""_c29"":"" 1.02 "",""_c21"":"" 0.41 "",""_c13"":"" 0.59 "",""Independent_37"":"" 149,300,000 "",""_c3"":"""",""Independent_39"":""102"",""_c5"":"""",""Independent_32"":""1.09"","" Time dependent _19"":"" 0.41 "",""_c9"":"""",""_c28"":"" 1.02 "",""_c22"":"" 0.40 "",""_c14"":"" 0.59 "",""_c8"":"""",""_c25"":"" 1.01 "",""_c17"":"" 0.41 "",""Independent_40"":""74.6"",""_c42"":""0.928262141462"",""Independent_34"":""1.11688311688312"",""_file_path"":""s3://myfirstbucket-tamuda/Construction%20Projects%201/Construction%20Projects%20Dataset%202.csv"",""_c7"":"""",""Independent_33"":""1.01"",""_c26"":"" 1.01 "",""_c2"":"""",""_c41"":""0.391117478510029"",""Independent_35"":"" 4,919 "",""_c6"":"""",""Independent_31"":""1.12""}"
null,null,null,null,null,null,null,null,null,null,null,"{""_c11"":""15"",""_c18"":"" 0.44 "",""_c10"":"""","" Time dependent _20"":"" 1.01 "",""_c0"":"""","" Time dependent _16"":"" 0.45 "",""_c4"":"""",""_c1"":"""","" Time dependent _23"":"" 0.44 "",""Independent_30"":"" 1.02 "",""_c12"":""Project-B-15"",""Independent_38"":""-1.61"",""Independent_36"":""14"",""_c29"":"" 1.02 "",""_c21"":"" 0.44 "",""_c13"":"" 0.63 "",""Independent_37"":"" 149,300,000 "",""_c3"":"""",""Independent_39"":""102"",""_c5"":"""",""Independent_32"":""1.01"","" Time dependent _19"":"" 0.45 "",""_c9"":"""",""_c28"":"" 1.02 "",""_c22"":"" 0.43 "",""_c14"":"" 0.63 "",""_c8"":"""",""_c25"":"" 1.00 "",""_c17"":"" 0.45 "",""Independent_40"":""75.24"",""_c42"":""0.9291476252892"",""Independent_34"":""1.12415952841485"",""_file_path"":""s3://myfirstbucket-tamuda/Construction%20Projects%201/Construction%20Projects%20Dataset%202.csv"",""_c7"":"""",""Independent_33"":""1.01"",""_c26"":"" 1.00 "",""_c2"":"""",""_c41"":""0.349570200573066"",""Independent_35"":"" 4,919 "",""_c6"":"""",""Independent_31"":""1.04""}"
null,null,null,null,null,null,null,null,null,null,null,"{""_c11"":""16"",""_c18"":"" 0.55 "",""_c10"":"""","" Time dependent _20"":"" 1.01 "",""_c0"":"""","" Time dependent _16"":"" 0.56 "",""_c4"":"""",""_c1"":"""","" Time dependent _23"":"" 0.54 "",""Independent_30"":"" 1.02 "",""_c12"":"""",""Independent_38"":""-0.19"",""Independent_36"":""14"",""_c29"":"" 1.02 "",""_c21"":"" 0.55 "",""_c13"":"""",""Independent_37"":"" 149,300,000 "",""_c3"":"""",""Independent_39"":""102"",""_c5"":"""",""Independent_32"":""1.09"","" Time dependent _19"":"" 0.56 "",""_c9"":"""",""_c28"":"" 1.02 "",""_c22"":"" 0.54 "",""_c14"":"" 0.68 "",""_c8"":"""",""_c25"":"" 0.99 "",""_c17"":"" 0.56 "",""Independent_40"":""75.5"",""_c42"":""0.9452435438564"",""Independent_34"":""1.12802800036843"",""_file_path"":""s3://myfirstbucket-tamuda/Construction%20Projects%201/Construction%20Projects%20Dataset%202.csv"",""_c7"":"""",""Independent_33"":""1.01"",""_c26"":"" 0.99 "",""_c2"":"""",""_c41"":""0.306590257879656"",""Independent_35"":"" 4,919 "",""_c6"":"""",""Independent_31"":""1.11""}"
null,null,null,null,null,null,null,null,null,null,null,"{""_c11"":""17"",""_c18"":"" 0.62 "",""_c10"":"""","" Time dependent _20"":"" 1.01 "",""_c0"":"""","" Time dependent _16"":"" 0.63 "",""_c4"":"""",""_c1"":"""","" Time dependent _23"":"" 0.61 "",""Independent_30"":"" 1.02 "",""_c12"":""Project-B-16"",""Independent_38"":""0.15"",""Independent_36"":""14"",""_c29"":"" 1.02 "",""_c21"":"" 0.62 "",""_c13"":"" 0.72 "",""Independent_37"":"" 149,300,000 "",""_c3"":"""",""Independent_39"":""102"",""_c5"":"""",""Independent_32"":""1.04"","" Time dependent _19"":"" 0.63 "",""_c9"":"""",""_c28"":"" 1.02 "",""_c22"":"" 0.61 "",""_c14"":"" 0.72 "",""_c8"":"""",""_c25"":"" 0.99 "",""_c17"":"" 0.63 "",""Independent_40"":""75.37"",""_c42"":""0.9662338501412"",""Independent_34"":""1.11890945933499"",""_file_path"":""s3://myfirstbucket-tamuda/Construction%20Projects%201/Construction%20Projects%20Dataset%202.csv"",""_c7"":"""",""Independent_33"":""1.01"",""_c26"":"" 0.99 "",""_c2"":"""",""_c41"":""0.262177650429799"",""Independent_35"":"" 4,919 "",""_c6"":"""",""Independent_31"":""1.06""}"
null,null,null,null,null,null,null,null,null,null,null,"{""_c11"":""18"",""_c18"":"" 0.67 "",""_c10"":"""","" Time dependent _20"":"" 1.01 "",""_c0"":"""","" Time dependent _16"":"" 0.73 "",""_c4"":"""",""_c1"":"""","" Time dependent _23"":"" 0.66 "",""Independent_30"":"" 1.02 "",""_c12"":""Project-B-17"",""Independent_38"":""0.67"",""Independent_36"":""14"",""_c29"":"" 1.02 "",""_c21"":"" 0.66 "",""_c13"":"" 0.77 "",""Independent_37"":"" 149,300,000 "",""_c3"":"""",""Independent_39"":""102"",""_c5"":"""",""Independent_32"":""1"","" Time dependent _19"":"" 0.67 "",""_c9"":"""",""_c28"":"" 1.02 "",""_c22"":"" 0.66 "",""_c14"":"" 0.77 "",""_c8"":"""",""_c25"":"" 0.92 "",""_c17"":"" 0.68 "",""Independent_40"":""74.47"",""_c42"":""0.971545352236"",""Independent_34"":""1.10619876577323"",""_file_path"":""s3://myfirstbucket-tamuda/Construction%20Projects%201/Construction%20Projects%20Dataset%202.csv"",""_c7"":"""",""Independent_33"":""1.01"",""_c26"":"" 0.92 "",""_c2"":"""",""_c41"":""0.21919770773639"",""Independent_35"":"" 4,919 "",""_c6"":"""",""Independent_31"":""1.02""}"
null,null,null,null,null,null,null,null,null,null,null,"{""_c11"":""19"",""_c18"":"" 0.82 "",""_c10"":"""","" Time dependent _20"":"" 1.01 "",""_c0"":"""","" Time dependent _16"":"" 0.82 "",""_c4"":"""",""_c1"":"""","" Time dependent _23"":"" 0.72 "",""Independent_30"":"" 1.14 "",""_c12"":""Project-B-18"",""Independent_38"":""0.26"",""Independent_36"":""14"",""_c29"":"" 1.14 "",""_c21"":"" 0.72 "",""_c13"":"" 0.81 "",""Independent_37"":"" 149,300,000 "",""_c3"":"""",""Independent_39"":""102"",""_c5"":"""",""Independent_32"":""0.95"","" Time dependent _19"":"" 0.82 "",""_c9"":"""",""_c28"":"" 1.14 "",""_c22"":"" 0.72 "",""_c14"":"" 0.81 "",""_c8"":"""",""_c25"":"" 1.00 "",""_c17"":"" 0.82 "",""Independent_40"":""73.27"",""_c42"":""0.9516977272912"",""Independent_34"":""1.10527770102238"",""_file_path"":""s3://myfirstbucket-tamuda/Construction%20Projects%201/Construction%20Projects%20Dataset%202.csv"",""_c7"":"""",""Independent_33"":""1.01"",""_c26"":"" 1.00 "",""_c2"":"""",""_c41"":""0.174785100286533"",""Independent_35"":"" 4,919 "",""_c6"":"""",""Independent_31"":""1.08""}"
null,null,null,null,null,null,null,null,null,null,null,"{""_c11"":""20"",""_c18"":"" 0.91 "",""_c10"":"""","" Time dependent _20"":"" 1.01 "",""_c0"":"""","" Time dependent _16"":"" 0.91 "",""_c4"":"""",""_c1"":"""","" Time dependent _23"":"" 0.78 "",""Independent_30"":"" 1.17 "",""_c12"":""Project-B-19"",""Independent_38"":""1.31"",""Independent_36"":""14"",""_c29"":"" 1.17 "",""_c21"":"" 0.79 "",""_c13"":"" 0.85 "",""Independent_37"":"" 149,300,000 "",""_c3"":"""",""Independent_39"":""102"",""_c5"":"""",""Independent_32"":""0.96"","" Time dependent _19"":"" 0.92 "",""_c9"":"""",""_c28"":"" 1.17 "",""_c22"":"" 0.78 "",""_c14"":"" 0.85 "",""_c8"":"""",""_c25"":"" 1.00 "",""_c17"":"" 0.92 "",""Independent_40"":""73.17"",""_c42"":""0.947564375392"",""Independent_34"":""1.10933038592613"",""_file_path"":""s3://myfirstbucket-tamuda/Construction%20Projects%201/Construction%20Projects%20Dataset%202.csv"",""_c7"":"""",""Independent_33"":""1.01"",""_c26"":"" 1.00 "",""_c2"":"""",""_c41"":""0.131805157593123"",""Independent_35"":"" 4,919 "",""_c6"":"""",""Independent_31"":""1.13""}"
null,null,null,null,null,null,null,null,null,null,null,"{""_c11"":""21"",""_c18"":"" 0.94 "",""_c10"":"""","" Time dependent _20"":"" 1.01 "",""_c0"":"""","" Time dependent _16"":"" 0.94 "",""_c4"":"""",""_c1"":"""","" Time dependent _23"":"" 0.79 "",""Independent_30"":"" 1.19 "",""_c12"":""Project-B-20"",""Independent_38"":""1.34"",""Independent_36"":""14"",""_c29"":"" 1.19 "",""_c21"":"" 0.80 "",""_c13"":"" 0.90 "",""Independent_37"":"" 149,300,000 "",""_c3"":"""",""Independent_39"":""102"",""_c5"":"""",""Independent_32"":""1.03"","" Time dependent _19"":"" 0.94 "",""_c9"":"""",""_c28"":"" 1.19 "",""_c22"":"" 0.79 "",""_c14"":"" 0.90 "",""_c8"":"""",""_c25"":"" 1.00 "",""_c17"":"" 0.94 "",""Independent_40"":""73.55"",""_c42"":""0.9172275135288"",""Independent_34"":""1.11780418163397"",""_file_path"":""s3://myfirstbucket-tamuda/Construction%20Projects%201/Construction%20Projects%20Dataset%202.csv"",""_c7"":"""",""Independent_33"":""1.01"",""_c26"":"" 1.00 "",""_c2"":"""",""_c41"":""0.0873925501432665"",""Independent_35"":"" 4,919 "",""_c6"":"""",""Independent_31"":""1.23""}"
null,null,null,null,null,null,null,null,null,null,null,"{""_c11"":""22"",""_c18"":"" 0.99 "",""_c10"":"""","" Time dependent _20"":"" 1.00 "",""_c0"":"""","" Time dependent _16"":"" 0.99 "",""_c4"":"""",""_c1"":"""","" Time dependent _23"":"" 0.81 "",""Independent_30"":"" 1.21 "",""_c12"":""Project-B-21"",""Independent_38"":""-0.32"",""Independent_36"":""14"",""_c29"":"" 1.21 "",""_c21"":"" 0.82 "",""_c13"":"" 0.94 "",""Independent_37"":"" 149,300,000 "",""_c3"":"""",""Independent_39"":""102"",""_c5"":"""",""Independent_32"":""0.99"","" Time dependent _19"":"" 0.99 "",""_c9"":"""",""_c28"":"" 1.21 "",""_c22"":"" 0.81 "",""_c14"":"" 0.94 "",""_c8"":"""",""_c25"":"" 1.00 "",""_c17"":"" 0.99 "",""Independent_40"":""74.34"",""_c42"":""0.8885190613696"",""Independent_34"":""1.11909367228516"",""_file_path"":""s3://myfirstbucket-tamuda/Construction%20Projects%201/Construction%20Projects%20Dataset%202.csv"",""_c7"":"""",""Independent_33"":""1"",""_c26"":"" 1.00 "",""_c2"":"""",""_c41"":""0.0429799426934097"",""Independent_35"":"" 4,919 "",""_c6"":"""",""Independent_31"":""1.2""}"
null,null,null,null,null,null,null,null,null,null,null,"{""_c11"":""23"",""_c18"":"" 1.00 "",""_c10"":"""","" Time dependent _20"":"" 1.00 "",""_c0"":"""","" Time dependent _16"":"" 1.00 "",""_c4"":"""",""_c1"":"""","" Time dependent _23"":"" 0.84 "",""Independent_30"":"" 1.19 "",""_c12"":""Project-B-22"",""Independent_38"":""0.0299999999999998"",""Independent_36"":""14"",""_c29"":"" 1.19 "",""_c21"":"" 0.84 "",""_c13"":"" 0.98 "",""Independent_37"":"" 149,300,000 "",""_c3"":"""",""Independent_39"":""102"",""_c5"":"""",""Independent_32"":""1"","" Time dependent _19"":"" 1.00 "",""_c9"":"""",""_c28"":"" 1.19 "",""_c22"":"" 0.84 "",""_c14"":"" 0.98 "",""_c8"":"""",""_c25"":"" 1.00 "",""_c17"":"" 1.00 "",""Independent_40"":""74.34"",""_c42"":""0.8908769816172"",""Independent_34"":""1.11586994565718"",""_file_path"":""s3://myfirstbucket-tamuda/Construction%20Projects%201/Construction%20Projects%20Dataset%202.csv"",""_c7"":"""",""Independent_33"":""1"",""_c26"":"" 1.00 "",""_c2"":"""",""_c41"":""0"",""Independent_35"":"" 4,919 "",""_c6"":"""",""Independent_31"":""1.18""}"
null,null,null,null,null,null,null,null,null,null,null,"{""_c11"":""24"",""_c18"":"" 1.00 "",""_c10"":"""","" Time dependent _20"":"" 1.00 "",""_c0"":"""","" Time dependent _16"":"" 1.00 "",""_c4"":"""",""_c1"":"""","" Time dependent _23"":"" 0.91 "",""Independent_30"":"" 1.10 "",""_c12"":""Project-B-23"",""Independent_38"":""0.38"",""Independent_36"":""14"",""_c29"":"" 1.10 "",""_c21"":"" 0.91 "",""_c13"":"" 1.03 "",""Independent_37"":"" 149,300,000 "",""_c3"":"""",""Independent_39"":""102"",""_c5"":"""",""Independent_32"":""1"","" Time dependent _19"":"" 1.00 "",""_c9"":"""",""_c28"":"" 1.10 "",""_c22"":"" 0.91 "",""_c14"":"" 1.03 "",""_c8"":"""",""_c25"":"" 1.00 "",""_c17"":"" 1.00 "",""Independent_40"":""73.98"",""_c42"":""0.9426807143968"",""Independent_34"":""1.11623837155752"",""_file_path"":""s3://myfirstbucket-tamuda/Construction%20Projects%201/Construction%20Projects%20Dataset%202.csv"",""_c7"":"""",""Independent_33"":""1"",""_c26"":"" 1.00 "",""_c2"":"""",""_c41"":"""",""Independent_35"":"" 4,919 "",""_c6"":"""",""Independent_31"":""1.1""}"
null,null,null,null,null,null,null,null,null,null,null,"{""_c11"":"""",""_c18"":"""",""_c10"":"""","" Time dependent _20"":"""",""_c0"":"""","" Time dependent _16"":"""",""_c4"":"""",""_c1"":"""","" Time dependent _23"":"""",""Independent_30"":"""",""_c12"":"""",""Independent_38"":"""",""Independent_36"":"""",""_c29"":"""",""_c21"":"""",""_c13"":"""",""Independent_37"":"""",""_c3"":"""",""Independent_39"":"""",""_c5"":"""",""Independent_32"":"""","" Time dependent _19"":"""",""_c9"":"""",""_c28"":"""",""_c22"":"""",""_c14"":"""",""_c8"":"""",""_c25"":"""",""_c17"":"""",""Independent_40"":"""",""_c42"":"""",""Independent_34"":"""",""_file_path"":""s3://myfirstbucket-tamuda/Construction%20Projects%201/Construction%20Projects%20Dataset%202.csv"",""_c7"":"""",""Independent_33"":"""",""_c26"":"""",""_c2"":"""",""_c41"":"""",""Independent_35"":"""",""_c6"":"""",""Independent_31"":""""}"
null,null,null,null,null,null,null,null,null,null,null,"{""_c11"":"""",""_c18"":"""",""_c10"":"""","" Time dependent _20"":"""",""_c0"":"""","" Time dependent _16"":"""",""_c4"":"""",""_c1"":"""","" Time dependent _23"":"""",""Independent_30"":"""",""_c12"":"""",""Independent_38"":"""",""Independent_36"":"""",""_c29"":"""",""_c21"":"""",""_c13"":"""",""Independent_37"":"""",""_c3"":"""",""Independent_39"":"""",""_c5"":"""",""Independent_32"":"""","" Time dependent _19"":"""",""_c9"":"""",""_c28"":"""",""_c22"":"""",""_c14"":"""",""_c8"":"""",""_c25"":"""",""_c17"":"""",""Independent_40"":"""",""_c42"":"""",""Independent_34"":"""",""_file_path"":""s3://myfirstbucket-tamuda/Construction%20Projects%201/Construction%20Projects%20Dataset%202.csv"",""_c7"":"""",""Independent_33"":"""",""_c26"":"""",""_c2"":"""",""_c41"":"""",""Independent_35"":"""",""_c6"":"""",""Independent_31"":""""}"
null,null,null,null,null,null,null,null,null,null,null,"{""_c11"":"""",""_c18"":"""",""_c10"":"""","" Time dependent _20"":"""",""_c0"":"""","" Time dependent _16"":"""",""_c4"":"""",""_c1"":"""","" Time dependent _23"":"""",""Independent_30"":"""",""_c12"":"""",""Independent_38"":"""",""Independent_36"":"""",""_c29"":"""",""_c21"":"""",""_c13"":"""",""Independent_37"":"""",""_c3"":"""",""Independent_39"":"""",""_c5"":"""",""Independent_32"":"""","" Time dependent _19"":"""",""_c9"":"""",""_c28"":"""",""_c22"":"""",""_c14"":"""",""_c8"":"""",""_c25"":"""",""_c17"":"""",""Independent_40"":"""",""_c42"":"""",""Independent_34"":"""",""_file_path"":""s3://myfirstbucket-tamuda/Construction%20Projects%201/Construction%20Projects%20Dataset%202.csv"",""_c7"":"""",""Independent_33"":"""",""_c26"":"""",""_c2"":"""",""_c41"":"""",""Independent_35"":"""",""_c6"":"""",""Independent_31"":""""}"
null,null,null,null,null,null,null,null,null,null,null,"{""_c11"":""1"",""_c18"":"" 0.06 "",""_c10"":""27"","" Time dependent _20"":"" 1.00 "",""_c0"":""G"","" Time dependent _16"":"" 0.06 "",""_c4"":""13"",""_c1"":"" 4,774 "","" Time dependent _23"":"" 0.03 "",""Independent_30"":"" 1.82 "",""_c12"":""Project-L-3"",""Independent_38"":""1.2"",""Independent_36"":""13"",""_c29"":"" 1.82 "",""_c21"":"" 0.03 "",""_c13"":"" 0.12 "",""Independent_37"":"" 145,377,589 "",""_c3"":""11"",""Independent_39"":""108.95"",""_c5"":""1"",""Independent_32"":""0"","" Time dependent _19"":"" 0.06 "",""_c9"":"" 145,377,589 "",""_c28"":"" 1.82 "",""_c22"":"" 0.03 "",""_c14"":"" 0.12 "",""_c8"":""730"",""_c25"":"" 1.00 "",""_c17"":"" 0.06 "",""Independent_40"":""74.06"",""_c42"":""0.9048445693288"",""Independent_34"":""1.015154080596"",""_file_path"":""s3://myfirstbucket-tamuda/Construction%20Projects%201/Construction%20Projects%20Dataset%202.csv"",""_c7"":""2006-02-20"",""Independent_33"":""1"",""_c26"":"" 0.94 "",""_c2"":""2"",""_c41"":""0.929181929181929"",""Independent_35"":"" 4,774 "",""_c6"":""2004-02-21"",""Independent_31"":""0""}"
null,null,null,null,null,null,null,null,null,null,null,"{""_c11"":""2"",""_c18"":"" 0.13 "",""_c10"":"""","" Time dependent _20"":"" 1.00 "",""_c0"":"""","" Time dependent _16"":"" 0.12 "",""_c4"":"""",""_c1"":"""","" Time dependent _23"":"" 0.07 "",""Independent_30"":"" 1.90 "",""_c12"":""Project-L-4"",""Independent_38"":""0.15"",""Independent_36"":""13"",""_c29"":"" 1.90 "",""_c21"":"" 0.07 "",""_c13"":"" 0.16 "",""Independent_37"":"" 145,377,589 "",""_c3"":"""",""Independent_39"":""108.95"",""_c5"":"""",""Independent_32"":""0.96"","" Time dependent _19"":"" 0.13 "",""_c9"":"""",""_c28"":"" 1.90 "",""_c22"":"" 0.07 "",""_c14"":"" 0.16 "",""_c8"":"""",""_c25"":"" 1.00 "",""_c17"":"" 0.13 "",""Independent_40"":""73.27"",""_c42"":""0.881209723476"",""Independent_34"":""1.00804266847274"",""_file_path"":""s3://myfirstbucket-tamuda/Construction%20Projects%201/Construction%20Projects%20Dataset%202.csv"",""_c7"":"""",""Independent_33"":""1"",""_c26"":"" 1.05 "",""_c2"":"""",""_c41"":""0.891330891330891"",""Independent_35"":"" 4,774 "",""_c6"":"""",""Independent_31"":""1.82""}"
null,null,null,null,null,null,null,null,null,null,null,"{""_c11"":""3"",""_c18"":"" 0.15 "",""_c10"":"""","" Time dependent _20"":"" 1.00 "",""_c0"":"""","" Time dependent _16"":"" 0.15 "",""_c4"":"""",""_c1"":"""","" Time dependent _23"":"" 0.13 "",""Independent_30"":"" 1.21 "",""_c12"":""Project-L-5"",""Independent_38"":""1.2"",""Independent_36"":""13"",""_c29"":"" 1.21 "",""_c21"":"" 0.13 "",""_c13"":"" 0.20 "",""Independent_37"":"" 145,377,589 "",""_c3"":"""",""Independent_39"":""108.95"",""_c5"":"""",""Independent_32"":""1.06"","" Time dependent _19"":"" 0.15 "",""_c9"":"""",""_c28"":"" 1.21 "",""_c22"":"" 0.13 "",""_c14"":"" 0.20 "",""_c8"":"""",""_c25"":"" 1.00 "",""_c17"":"" 0.15 "",""Independent_40"":""74.96"",""_c42"":""0.9300125690816"",""Independent_34"":""1.02726041313918"",""_file_path"":""s3://myfirstbucket-tamuda/Construction%20Projects%201/Construction%20Projects%20Dataset%202.csv"",""_c7"":"""",""Independent_33"":""1"",""_c26"":"" 1.01 "",""_c2"":"""",""_c41"":""0.854700854700855"",""Independent_35"":"" 4,774 "",""_c6"":"""",""Independent_31"":""1.29""}"
null,null,null,null,null,null,null,null,null,null,null,"{""_c11"":""4"",""_c18"":"" 0.18 "",""_c10"":"""","" Time dependent _20"":"" 1.00 "",""_c0"":"""","" Time dependent _16"":"" 0.18 "",""_c4"":"""",""_c1"":"""","" Time dependent _23"":"" 0.15 "",""Independent_30"":"" 1.18 "",""_c12"":""Project-L-6"",""Independent_38"":""1.64"",""Independent_36"":""13"",""_c29"":"" 1.18 "",""_c21"":"" 0.15 "",""_c13"":"" 0.23 "",""Independent_37"":"" 145,377,589 "",""_c3"":"""",""Independent_39"":""108.95"",""_c5"":"""",""Independent_32"":""1.12"","" Time dependent _19"":"" 0.18 "",""_c9"":"""",""_c28"":"" 1.18 "",""_c22"":"" 0.15 "",""_c14"":"" 0.23 "",""_c8"":"""",""_c25"":"" 1.00 "",""_c17"":"" 0.18 "",""Independent_40"":""76.15"",""_c42"":""0.9249993075176"",""Independent_34"":""1.03902810700982"",""_file_path"":""s3://myfirstbucket-tamuda/Construction%20Projects%201/Construction%20Projects%20Dataset%202.csv"",""_c7"":"""",""Independent_33"":""1"",""_c26"":"" 1.01 "",""_c2"":"""",""_c41"":""0.816849816849817"",""Independent_35"":"" 4,774 "",""_c6"":"""",""Independent_31"":""1.32""}"
null,null,null,null,null,null,null,null,null,null,null,"{""_c11"":""5"",""_c18"":"" 0.22 "",""_c10"":"""","" Time dependent _20"":"" 1.01 "",""_c0"":"""","" Time dependent _16"":"" 0.23 "",""_c4"":"""",""_c1"":"""","" Time dependent _23"":"" 0.18 "",""Independent_30"":"" 1.13 "",""_c12"":""Project-L-7"",""Independent_38"":""-0.78"",""Independent_36"":""13"",""_c29"":"" 1.22 "",""_c21"":"" 0.18 "",""_c13"":"" 0.27 "",""Independent_37"":"" 145,377,589 "",""_c3"":"""",""Independent_39"":""108.95"",""_c5"":"""",""Independent_32"":""1.56"","" Time dependent _19"":"" 0.20 "",""_c9"":"""",""_c28"":"" 1.03 "",""_c22"":"" 0.18 "",""_c14"":"" 0.27 "",""_c8"":"""",""_c25"":"" 1.00 "",""_c17"":"" 0.18 "",""Independent_40"":""76.03"",""_c42"":""0.9504186346804"",""Independent_34"":""1.03784287165594"",""_file_path"":""s3://myfirstbucket-tamuda/Construction%20Projects%201/Construction%20Projects%20Dataset%202.csv"",""_c7"":"""",""Independent_33"":""1.01"",""_c26"":"" 0.94 "",""_c2"":"""",""_c41"":""0.778998778998779"",""Independent_35"":"" 4,774 "",""_c6"":"""",""Independent_31"":""1.61""}"
null,null,null,null,null,null,null,null,null,null,null,"{""_c11"":""6"",""_c18"":"" 0.27 "",""_c10"":"""","" Time dependent _20"":"" 1.01 "",""_c0"":"""","" Time dependent _16"":"" 0.27 "",""_c4"":"""",""_c1"":"""","" Time dependent _23"":"" 0.22 "",""Independent_30"":"" 1.28 "",""_c12"":""Project-L-8"",""Independent_38"":""1.56"",""Independent_36"":""13"",""_c29"":"" 1.28 "",""_c21"":"" 0.22 "",""_c13"":"" 0.31 "",""Independent_37"":"" 145,377,589 "",""_c3"":"""",""Independent_39"":""108.95"",""_c5"":"""",""Independent_32"":""1.03"","" Time dependent _19"":"" 0.28 "",""_c9"":"""",""_c28"":"" 1.28 "",""_c22"":"" 0.21 "",""_c14"":"" 0.31 "",""_c8"":"""",""_c25"":"" 1.01 "",""_c17"":"" 0.28 "",""Independent_40"":""76.75"",""_c42"":""0.8953585243968"",""Independent_34"":""1.04495428377921"",""_file_path"":""s3://myfirstbucket-tamuda/Construction%20Projects%201/Construction%20Projects%20Dataset%202.csv"",""_c7"":"""",""Independent_33"":""1.01"",""_c26"":"" 1.01 "",""_c2"":"""",""_c41"":""0.742368742368742"",""Independent_35"":"" 4,774 "",""_c6"":"""",""Independent_31"":""1.32""}"
null,null,null,null,null,null,null,null,null,null,null,"{""_c11"":""7"",""_c18"":"" 0.32 "",""_c10"":"""","" Time dependent _20"":"" 1.01 "",""_c0"":"""","" Time dependent _16"":"" 0.32 "",""_c4"":"""",""_c1"":"""","" Time dependent _23"":"" 0.26 "",""Independent_30"":"" 1.23 "",""_c12"":""Project-L-9"",""Independent_38"":""0.0800000000000001"",""Independent_36"":""13"",""_c29"":"" 1.23 "",""_c21"":"" 0.26 "",""_c13"":"" 0.35 "",""Independent_37"":"" 145,377,589 "",""_c3"":"""",""Independent_39"":""108.95"",""_c5"":"""",""Independent_32"":""1.03"","" Time dependent _19"":"" 0.32 "",""_c9"":"""",""_c28"":"" 1.23 "",""_c22"":"" 0.26 "",""_c14"":"" 0.35 "",""_c8"":"""",""_c25"":"" 0.99 "",""_c17"":"" 0.32 "",""Independent_40"":""75.98"",""_c42"":""0.9002374805852"",""Independent_34"":""1.03758889265154"",""_file_path"":""s3://myfirstbucket-tamuda/Construction%20Projects%201/Construction%20Projects%20Dataset%202.csv"",""_c7"":"""",""Independent_33"":""1.01"",""_c26"":"" 0.99 "",""_c2"":"""",""_c41"":""0.704517704517705"",""Independent_35"":"" 4,774 "",""_c6"":"""",""Independent_31"":""1.26""}"
null,null,null,null,null,null,null,null,null,null,null,"{""_c11"":""8"",""_c18"":"" 0.36 "",""_c10"":"""","" Time dependent _20"":"" 1.01 "",""_c0"":"""","" Time dependent _16"":"" 0.36 "",""_c4"":"""",""_c1"":"""","" Time dependent _23"":"" 0.30 "",""Independent_30"":"" 1.21 "",""_c12"":""Project-L-10"",""Independent_38"":""1.51"",""Independent_36"":""13"",""_c29"":"" 1.21 "",""_c21"":"" 0.30 "",""_c13"":"" 0.38 "",""Independent_37"":"" 145,377,589 "",""_c3"":"""",""Independent_39"":""108.95"",""_c5"":"""",""Independent_32"":""1.02"","" Time dependent _19"":"" 0.36 "",""_c9"":"""",""_c28"":"" 1.21 "",""_c22"":"" 0.30 "",""_c14"":"" 0.38 "",""_c8"":"""",""_c25"":"" 1.00 "",""_c17"":"" 0.36 "",""Independent_40"":""75.2"",""_c42"":""0.8931588161936"",""Independent_34"":""1.03166271588215"",""_file_path"":""s3://myfirstbucket-tamuda/Construction%20Projects%201/Construction%20Projects%20Dataset%202.csv"",""_c7"":"""",""Independent_33"":""1.01"",""_c26"":"" 1.00 "",""_c2"":"""",""_c41"":""0.667887667887668"",""Independent_35"":"" 4,774 "",""_c6"":"""",""Independent_31"":""1.25""}"
null,null,null,null,null,null,null,null,null,null,null,"{""_c11"":""9"",""_c18"":"" 0.41 "",""_c10"":"""","" Time dependent _20"":"" 1.01 "",""_c0"":"""","" Time dependent _16"":"" 0.41 "",""_c4"":"""",""_c1"":"""","" Time dependent _23"":"" 0.35 "",""Independent_30"":"" 1.18 "",""_c12"":""Project-L-11"",""Independent_38"":""-0.22"",""Independent_36"":""13"",""_c29"":"" 1.18 "",""_c21"":"" 0.35 "",""_c13"":"" 0.42 "",""Independent_37"":"" 145,377,589 "",""_c3"":"""",""Independent_39"":""102"",""_c5"":"""",""Independent_32"":""0.89"","" Time dependent _19"":"" 0.41 "",""_c9"":"""",""_c28"":"" 1.18 "",""_c22"":"" 0.35 "",""_c14"":"" 0.42 "",""_c8"":"""",""_c25"":"" 1.01 "",""_c17"":"" 0.41 "",""Independent_40"":""74.6"",""_c42"":""0.9151006587332"",""Independent_34"":""1.02658313579411"",""_file_path"":""s3://myfirstbucket-tamuda/Construction%20Projects%201/Construction%20Projects%20Dataset%202.csv"",""_c7"":"""",""Independent_33"":""1.01"",""_c26"":"" 1.01 "",""_c2"":"""",""_c41"":""0.63003663003663"",""Independent_35"":"" 4,774 "",""_c6"":"""",""Independent_31"":""1.06""}"
null,null,null,null,null,null,null,null,null,null,null,"{""_c11"":""10"",""_c18"":"" 0.41 "",""_c10"":"""","" Time dependent _20"":"" 1.01 "",""_c0"":"""","" Time dependent _16"":"" 0.41 "",""_c4"":"""",""_c1"":"""","" Time dependent _23"":"" 0.38 "",""Independent_30"":"" 1.09 "",""_c12"":""Project-L-12"",""Independent_38"":""-1.61"",""Independent_36"":""13"",""_c29"":"" 1.09 "",""_c21"":"" 0.38 "",""_c13"":"" 0.46 "",""Independent_37"":"" 145,377,589 "",""_c3"":"""",""Independent_39"":""102"",""_c5"":"""",""Independent_32"":""0.89"","" Time dependent _19"":"" 0.41 "",""_c9"":"""",""_c28"":"" 1.09 "",""_c22"":"" 0.38 "",""_c14"":"" 0.46 "",""_c8"":"""",""_c25"":"" 1.01 "",""_c17"":"" 0.41 "",""Independent_40"":""75.24"",""_c42"":""0.947835345996"",""Independent_34"":""1.0332712495767"",""_file_path"":""s3://myfirstbucket-tamuda/Construction%20Projects%201/Construction%20Projects%20Dataset%202.csv"",""_c7"":"""",""Independent_33"":""1.01"",""_c26"":"" 1.01 "",""_c2"":"""",""_c41"":""0.594627594627595"",""Independent_35"":"" 4,774 "",""_c6"":"""",""Independent_31"":""0.97""}"
null,null,null,null,null,null,null,null,null,null,null,"{""_c11"":""11"",""_c18"":"" 0.51 "",""_c10"":"""","" Time dependent _20"":"" 1.01 "",""_c0"":"""","" Time dependent _16"":"" 0.51 "",""_c4"":"""",""_c1"":"""","" Time dependent _23"":"" 0.46 "",""Independent_30"":"" 1.11 "",""_c12"":""Project-L-13"",""Independent_38"":""0.15"",""Independent_36"":""13"",""_c29"":"" 1.11 "",""_c21"":"" 0.46 "",""_c13"":"" 0.53 "",""Independent_37"":"" 145,377,589 "",""_c3"":"""",""Independent_39"":""102"",""_c5"":"""",""Independent_32"":""0.9"","" Time dependent _19"":"" 0.51 "",""_c9"":"""",""_c28"":"" 1.11 "",""_c22"":"" 0.46 "",""_c14"":"" 0.53 "",""_c8"":"""",""_c25"":"" 0.99 "",""_c17"":"" 0.51 "",""Independent_40"":""75.37"",""_c42"":""0.9844061352404"",""Independent_34"":""1.03682695563833"",""_file_path"":""s3://myfirstbucket-tamuda/Construction%20Projects%201/Construction%20Projects%20Dataset%202.csv"",""_c7"":"""",""Independent_33"":""1.01"",""_c26"":"" 0.99 "",""_c2"":"""",""_c41"":""0.52014652014652"",""Independent_35"":"" 4,774 "",""_c6"":"""",""Independent_31"":""0.99""}"
null,null,null,null,null,null,null,null,null,null,null,"{""_c11"":""12"",""_c18"":"" 0.54 "",""_c10"":"""","" Time dependent _20"":"" 1.01 "",""_c0"":"""","" Time dependent _16"":"" 0.57 "",""_c4"":"""",""_c1"":"""","" Time dependent _23"":"" 0.48 "",""Independent_30"":"" 1.13 "",""_c12"":""Project-L-14"",""Independent_38"":""0.67"",""Independent_36"":""13"",""_c29"":"" 1.13 "",""_c21"":"" 0.48 "",""_c13"":"" 0.57 "",""Independent_37"":"" 145,377,589 "",""_c3"":"""",""Independent_39"":""102"",""_c5"":"""",""Independent_32"":""0.85"","" Time dependent _19"":"" 0.54 "",""_c9"":"""",""_c28"":"" 1.13 "",""_c22"":"" 0.48 "",""_c14"":"" 0.57 "",""_c8"":"""",""_c25"":"" 0.95 "",""_c17"":"" 0.54 "",""Independent_40"":""74.47"",""_c42"":""0.9726041543"",""Independent_34"":""1.02844564849306"",""_file_path"":""s3://myfirstbucket-tamuda/Construction%20Projects%201/Construction%20Projects%20Dataset%202.csv"",""_c7"":"""",""Independent_33"":""1.01"",""_c26"":"" 0.95 "",""_c2"":"""",""_c41"":""0.483516483516484"",""Independent_35"":"" 4,774 "",""_c6"":"""",""Independent_31"":""0.96""}"
null,null,null,null,null,null,null,null,null,null,null,"{""_c11"":""13"",""_c18"":"" 0.58 "",""_c10"":"""","" Time dependent _20"":"" 1.01 "",""_c0"":"""","" Time dependent _16"":"" 0.61 "",""_c4"":"""",""_c1"":"""","" Time dependent _23"":"" 0.53 "",""Independent_30"":"" 1.10 "",""_c12"":""Project-L-15"",""Independent_38"":""0.26"",""Independent_36"":""13"",""_c29"":"" 1.10 "",""_c21"":"" 0.53 "",""_c13"":"" 0.60 "",""Independent_37"":"" 145,377,589 "",""_c3"":"""",""Independent_39"":""102"",""_c5"":"""",""Independent_32"":""0.89"","" Time dependent _19"":"" 0.59 "",""_c9"":"""",""_c28"":"" 1.10 "",""_c22"":"" 0.53 "",""_c14"":"" 0.60 "",""_c8"":"""",""_c25"":"" 0.96 "",""_c17"":"" 0.59 "",""Independent_40"":""73.27"",""_c42"":""0.9855407387536"",""Independent_34"":""1.01676261429055"",""_file_path"":""s3://myfirstbucket-tamuda/Construction%20Projects%201/Construction%20Projects%20Dataset%202.csv"",""_c7"":"""",""Independent_33"":""1.01"",""_c26"":"" 0.96 "",""_c2"":"""",""_c41"":""0.445665445665446"",""Independent_35"":"" 4,774 "",""_c6"":"""",""Independent_31"":""0.98""}"
null,null,null,null,null,null,null,null,null,null,null,"{""_c11"":""14"",""_c18"":"" 0.64 "",""_c10"":"""","" Time dependent _20"":"" 1.01 "",""_c0"":"""","" Time dependent _16"":"" 0.65 "",""_c4"":"""",""_c1"":"""","" Time dependent _23"":"" 0.57 "",""Independent_30"":"" 1.12 "",""_c12"":""Project-L-16"",""Independent_38"":""1.31"",""Independent_36"":""13"",""_c29"":"" 1.12 "",""_c21"":"" 0.57 "",""_c13"":"" 0.64 "",""Independent_37"":"" 145,377,589 "",""_c3"":"""",""Independent_39"":""102"",""_c5"":"""",""Independent_32"":""0.81"","" Time dependent _19"":"" 0.64 "",""_c9"":"""",""_c28"":"" 1.12 "",""_c22"":"" 0.57 "",""_c14"":"" 0.64 "",""_c8"":"""",""_c25"":"" 0.98 "",""_c17"":"" 0.64 "",""Independent_40"":""73.17"",""_c42"":""0.9863298441056"",""Independent_34"":""1.01591601760921"",""_file_path"":""s3://myfirstbucket-tamuda/Construction%20Projects%201/Construction%20Projects%20Dataset%202.csv"",""_c7"":"""",""Independent_33"":""1.01"",""_c26"":"" 0.98 "",""_c2"":"""",""_c41"":""0.409035409035409"",""Independent_35"":"" 4,774 "",""_c6"":"""",""Independent_31"":""0.91""}"
null,null,null,null,null,null,null,null,null,null,null,"{""_c11"":""15"",""_c18"":"" 0.69 "",""_c10"":"""","" Time dependent _20"":"" 1.01 "",""_c0"":"""","" Time dependent _16"":"" 0.70 "",""_c4"":"""",""_c1"":"""","" Time dependent _23"":"" 0.62 "",""Independent_30"":"" 1.11 "",""_c12"":""Project-L-17"",""Independent_38"":""1.34"",""Independent_36"":""13"",""_c29"":"" 1.11 "",""_c21"":"" 0.62 "",""_c13"":"" 0.68 "",""Independent_37"":"" 145,377,589 "",""_c3"":"""",""Independent_39"":""102"",""_c5"":"""",""Independent_32"":""0.9"","" Time dependent _19"":"" 0.69 "",""_c9"":"""",""_c28"":"" 1.11 "",""_c22"":"" 0.62 "",""_c14"":"" 0.68 "",""_c8"":"""",""_c25"":"" 0.98 "",""_c17"":"" 0.69 "",""Independent_40"":""73.55"",""_c42"":""0.9932976090284"",""Independent_34"":""1.01964104300711"",""_file_path"":""s3://myfirstbucket-tamuda/Construction%20Projects%201/Construction%20Projects%20Dataset%202.csv"",""_c7"":"""",""Independent_33"":""1.01"",""_c26"":"" 0.98 "",""_c2"":"""",""_c41"":""0.371184371184371"",""Independent_35"":"" 4,774 "",""_c6"":"""",""Independent_31"":""1""}"
null,null,null,null,null,null,null,null,null,null,null,"{""_c11"":""16"",""_c18"":"" 0.73 "",""_c10"":"""","" Time dependent _20"":"" 1.01 "",""_c0"":"""","" Time dependent _16"":"" 0.75 "",""_c4"":"""",""_c1"":"""","" Time dependent _23"":"" 0.65 "",""Independent_30"":"" 1.12 "",""_c12"":""Project-L-18"",""Independent_38"":""-0.32"",""Independent_36"":""13"",""_c29"":"" 1.12 "",""_c21"":"" 0.65 "",""_c13"":"" 0.72 "",""Independent_37"":"" 145,377,589 "",""_c3"":"""",""Independent_39"":""102"",""_c5"":"""",""Independent_32"":""0.85"","" Time dependent _19"":"" 0.73 "",""_c9"":"""",""_c28"":"" 1.12 "",""_c22"":"" 0.65 "",""_c14"":"" 0.72 "",""_c8"":"""",""_c25"":"" 0.98 "",""_c17"":"" 0.74 "",""Independent_40"":""74.34"",""_c42"":""0.99029729234"",""Independent_34"":""1.02742973247545"",""_file_path"":""s3://myfirstbucket-tamuda/Construction%20Projects%201/Construction%20Projects%20Dataset%202.csv"",""_c7"":"""",""Independent_33"":""1.01"",""_c26"":"" 0.98 "",""_c2"":"""",""_c41"":""0.333333333333333"",""Independent_35"":"" 4,774 "",""_c6"":"""",""Independent_31"":""0.95""}"
null,null,null,null,null,null,null,null,null,null,null,"{""_c11"":""17"",""_c18"":"" 0.76 "",""_c10"":"""","" Time dependent _20"":"" 0.96 "",""_c0"":"""","" Time dependent _16"":"" 0.78 "",""_c4"":"""",""_c1"":"""","" Time dependent _23"":"" 0.70 "",""Independent_30"":"" 1.07 "",""_c12"":""Project-L-19"",""Independent_38"":""0.0299999999999998"",""Independent_36"":""13"",""_c29"":"" 1.07 "",""_c21"":"" 0.69 "",""_c13"":"" 0.75 "",""Independent_37"":"" 145,377,589 "",""_c3"":"""",""Independent_39"":""102"",""_c5"":"""",""Independent_32"":""0.85"","" Time dependent _19"":"" 0.75 "",""_c9"":"""",""_c28"":"" 1.07 "",""_c22"":"" 0.71 "",""_c14"":"" 0.75 "",""_c8"":"""",""_c25"":"" 0.98 "",""_c17"":"" 0.73 "",""Independent_40"":""74.34"",""_c42"":""0.9598465164484"",""Independent_34"":""1.02861496782933"",""_file_path"":""s3://myfirstbucket-tamuda/Construction%20Projects%201/Construction%20Projects%20Dataset%202.csv"",""_c7"":"""",""Independent_33"":""0.96"",""_c26"":"" 0.98 "",""_c2"":"""",""_c41"":""0.296703296703297"",""Independent_35"":"" 4,774 "",""_c6"":"""",""Independent_31"":""0.91""}"
null,null,null,null,null,null,null,null,null,null,null,"{""_c11"":""18"",""_c18"":"" 0.83 "",""_c10"":"""","" Time dependent _20"":"" 0.96 "",""_c0"":"""","" Time dependent _16"":"" 0.81 "",""_c4"":"""",""_c1"":"""","" Time dependent _23"":"" 0.75 "",""Independent_30"":"" 1.08 "",""_c12"":""Project-L-20"",""Independent_38"":""0.38"",""Independent_36"":""13"",""_c29"":"" 1.08 "",""_c21"":"" 0.74 "",""_c13"":"" 0.79 "",""Independent_37"":"" 145,377,589 "",""_c3"":"""",""Independent_39"":""102"",""_c5"":"""",""Independent_32"":""0.91"","" Time dependent _19"":"" 0.81 "",""_c9"":"""",""_c28"":"" 1.08 "",""_c22"":"" 0.77 "",""_c14"":"" 0.79 "",""_c8"":"""",""_c25"":"" 1.02 "",""_c17"":"" 0.80 "",""Independent_40"":""73.98"",""_c42"":""0.9657285778988"",""Independent_34"":""1.02565187944463"",""_file_path"":""s3://myfirstbucket-tamuda/Construction%20Projects%201/Construction%20Projects%20Dataset%202.csv"",""_c7"":"""",""Independent_33"":""0.96"",""_c26"":"" 1.02 "",""_c2"":"""",""_c41"":""0.258852258852259"",""Independent_35"":"" 4,774 "",""_c6"":"""",""Independent_31"":""0.98""}"
null,null,null,null,null,null,null,null,null,null,null,"{""_c11"":""19"",""_c18"":"" 0.86 "",""_c10"":"""","" Time dependent _20"":"" 0.96 "",""_c0"":"""","" Time dependent _16"":"" 0.88 "",""_c4"":"""",""_c1"":"""","" Time dependent _23"":"" 0.77 "",""Independent_30"":"" 1.09 "",""_c12"":""Project-L-21"",""Independent_38"":""0.78"",""Independent_36"":""13"",""_c29"":"" 1.09 "",""_c21"":"" 0.76 "",""_c13"":"" 0.83 "",""Independent_37"":"" 145,377,589 "",""_c3"":"""",""Independent_39"":""102"",""_c5"":"""",""Independent_32"":""0.99"","" Time dependent _19"":"" 0.85 "",""_c9"":"""",""_c28"":"" 1.09 "",""_c22"":"" 0.79 "",""_c14"":"" 0.83 "",""_c8"":"""",""_c25"":"" 0.98 "",""_c17"":"" 0.83 "",""Independent_40"":""73.97"",""_c42"":""0.9497164221156"",""Independent_34"":""1.02599051811717"",""_file_path"":""s3://myfirstbucket-tamuda/Construction%20Projects%201/Construction%20Projects%20Dataset%202.csv"",""_c7"":"""",""Independent_33"":""0.96"",""_c26"":"" 0.98 "",""_c2"":"""",""_c41"":""0.222222222222222"",""Independent_35"":"" 4,774 "",""_c6"":"""",""Independent_31"":""1.08""}"
null,null,null,null,null,null,null,null,null,null,null,"{""_c11"":""20"",""_c18"":"" 0.91 "",""_c10"":"""","" Time dependent _20"":"" 0.96 "",""_c0"":"""","" Time dependent _16"":"" 0.91 "",""_c4"":"""",""_c1"":"""","" Time dependent _23"":"" 0.81 "",""Independent_30"":"" 1.09 "",""_c12"":""Project-L-22"",""Independent_38"":""-0.51"",""Independent_36"":""13"",""_c29"":"" 1.09 "",""_c21"":"" 0.80 "",""_c13"":"" 0.87 "",""Independent_37"":"" 145,377,589 "",""_c3"":"""",""Independent_39"":""101.91"",""_c5"":"""",""Independent_32"":""0.99"","" Time dependent _19"":"" 0.89 "",""_c9"":"""",""_c28"":"" 1.09 "",""_c22"":"" 0.83 "",""_c14"":"" 0.87 "",""_c8"":"""",""_c25"":"" 0.99 "",""_c17"":"" 0.87 "",""Independent_40"":""74.37"",""_c42"":""0.9519097672396"",""Independent_34"":""1.03013884185574"",""_file_path"":""s3://myfirstbucket-tamuda/Construction%20Projects%201/Construction%20Projects%20Dataset%202.csv"",""_c7"":"""",""Independent_33"":""0.96"",""_c26"":"" 0.99 "",""_c2"":"""",""_c41"":""0.184371184371184"",""Independent_35"":"" 4,774 "",""_c6"":"""",""Independent_31"":""1.08""}"
null,null,null,null,null,null,null,null,null,null,null,"{""_c11"":""21"",""_c18"":"" 0.93 "",""_c10"":"""","" Time dependent _20"":"" 0.96 "",""_c0"":"""","" Time dependent _16"":"" 0.93 "",""_c4"":"""",""_c1"":"""","" Time dependent _23"":"" 0.83 "",""Independent_30"":"" 1.10 "",""_c12"":""Project-L-23"",""Independent_38"":""-1.61"",""Independent_36"":""13"",""_c29"":"" 1.10 "",""_c21"":"" 0.81 "",""_c13"":"" 0.90 "",""Independent_37"":"" 145,377,589 "",""_c3"":"""",""Independent_39"":""101.91"",""_c5"":"""",""Independent_32"":""1.01"","" Time dependent _19"":"" 0.91 "",""_c9"":"""",""_c28"":"" 1.10 "",""_c22"":"" 0.85 "",""_c14"":"" 0.90 "",""_c8"":"""",""_c25"":"" 1.00 "",""_c17"":"" 0.89 "",""Independent_40"":""74.88"",""_c42"":""0.9398655902304"",""Independent_34"":""1.03530308161192"",""_file_path"":""s3://myfirstbucket-tamuda/Construction%20Projects%201/Construction%20Projects%20Dataset%202.csv"",""_c7"":"""",""Independent_33"":""0.96"",""_c26"":"" 1.00 "",""_c2"":"""",""_c41"":""0.148962148962149"",""Independent_35"":"" 4,774 "",""_c6"":"""",""Independent_31"":""1.11""}"
null,null,null,null,null,null,null,null,null,null,null,"{""_c11"":""22"",""_c18"":"" 0.95 "",""_c10"":"""","" Time dependent _20"":"" 0.96 "",""_c0"":"""","" Time dependent _16"":"" 0.95 "",""_c4"":"""",""_c1"":"""","" Time dependent _23"":"" 0.86 "",""Independent_30"":"" 1.08 "",""_c12"":""Project-L-24"",""Independent_38"":""0.89"",""Independent_36"":""13"",""_c29"":"" 1.08 "",""_c21"":"" 0.85 "",""_c13"":"" 0.94 "",""Independent_37"":"" 145,377,589 "",""_c3"":"""",""Independent_39"":""101.91"",""_c5"":"""",""Independent_32"":""1.03"","" Time dependent _19"":"" 0.93 "",""_c9"":"""",""_c28"":"" 1.08 "",""_c22"":"" 0.88 "",""_c14"":"" 0.94 "",""_c8"":"""",""_c25"":"" 1.00 "",""_c17"":"" 0.91 "",""Independent_40"":""75.99"",""_c42"":""0.9457599567184"",""Independent_34"":""1.04698611581443"",""_file_path"":""s3://myfirstbucket-tamuda/Construction%20Projects%201/Construction%20Projects%20Dataset%202.csv"",""_c7"":"""",""Independent_33"":""0.96"",""_c26"":"" 1.00 "",""_c2"":"""",""_c41"":""0.112332112332112"",""Independent_35"":"" 4,774 "",""_c6"":"""",""Independent_31"":""1.11""}"
null,null,null,null,null,null,null,null,null,null,null,"{""_c11"":""23"",""_c18"":"" 0.97 "",""_c10"":"""","" Time dependent _20"":"" 0.96 "",""_c0"":"""","" Time dependent _16"":"" 0.97 "",""_c4"":"""",""_c1"":"""","" Time dependent _23"":"" 0.84 "",""Independent_30"":"" 1.13 "",""_c12"":""Project-L-25"",""Independent_38"":""-0.77"",""Independent_36"":""13"",""_c29"":"" 1.13 "",""_c21"":"" 0.83 "",""_c13"":"" 0.98 "",""Independent_37"":"" 145,377,589 "",""_c3"":"""",""Independent_39"":""102.6"",""_c5"":"""",""Independent_32"":""1.01"","" Time dependent _19"":"" 0.95 "",""_c9"":"""",""_c28"":"" 1.13 "",""_c22"":"" 0.86 "",""_c14"":"" 0.98 "",""_c8"":"""",""_c25"":"" 1.00 "",""_c17"":"" 0.93 "",""Independent_40"":""78.02"",""_c42"":""0.893921172838"",""Independent_34"":""1.06696579749407"",""_file_path"":""s3://myfirstbucket-tamuda/Construction%20Projects%201/Construction%20Projects%20Dataset%202.csv"",""_c7"":"""",""Independent_33"":""0.96"",""_c26"":"" 1.00 "",""_c2"":"""",""_c41"":""0.0744810744810745"",""Independent_35"":"" 4,774 "",""_c6"":"""",""Independent_31"":""1.14""}"
null,null,null,null,null,null,null,null,null,null,null,"{""_c11"":""24"",""_c18"":"" 0.99 "",""_c10"":"""","" Time dependent _20"":"" 0.96 "",""_c0"":"""","" Time dependent _16"":"" 0.99 "",""_c4"":"""",""_c1"":"""","" Time dependent _23"":"" 0.90 "",""Independent_30"":"" 1.08 "",""_c12"":""Project-L-26"",""Independent_38"":""0.97"",""Independent_36"":""13"",""_c29"":"" 1.08 "",""_c21"":"" 0.88 "",""_c13"":"" 1.01 "",""Independent_37"":"" 145,377,589 "",""_c3"":"""",""Independent_39"":""102.6"",""_c5"":"""",""Independent_32"":""0.99"","" Time dependent _19"":"" 0.97 "",""_c9"":"""",""_c28"":"" 1.08 "",""_c22"":"" 0.91 "",""_c14"":"" 1.01 "",""_c8"":"""",""_c25"":"" 1.00 "",""_c17"":"" 0.95 "",""Independent_40"":""81.26"",""_c42"":""0.928130941208"",""Independent_34"":""1.09947511005757"",""_file_path"":""s3://myfirstbucket-tamuda/Construction%20Projects%201/Construction%20Projects%20Dataset%202.csv"",""_c7"":"""",""Independent_33"":""0.96"",""_c26"":"" 1.00 "",""_c2"":"""",""_c41"":""0.0378510378510378"",""Independent_35"":"" 4,774 "",""_c6"":"""",""Independent_31"":""1.07""}"
null,null,null,null,null,null,null,null,null,null,null,"{""_c11"":""25"",""_c18"":"" 1.00 "",""_c10"":"""","" Time dependent _20"":"" 0.96 "",""_c0"":"""","" Time dependent _16"":"" 1.00 "",""_c4"":"""",""_c1"":"""","" Time dependent _23"":"" 0.90 "",""Independent_30"":"" 1.09 "",""_c12"":""Project-L-27"",""Independent_38"":""-0.2"",""Independent_36"":""13"",""_c29"":"" 1.09 "",""_c21"":"" 0.89 "",""_c13"":"" 1.05 "",""Independent_37"":"" 145,377,589 "",""_c3"":"""",""Independent_39"":""102.6"",""_c5"":"""",""Independent_32"":""0.98"","" Time dependent _19"":"" 0.98 "",""_c9"":"""",""_c28"":"" 1.09 "",""_c22"":"" 0.92 "",""_c14"":"" 1.05 "",""_c8"":"""",""_c25"":"" 1.00 "",""_c17"":"" 0.96 "",""Independent_40"":""82.11"",""_c42"":""0.9101165745956"",""Independent_34"":""1.10878767355232"",""_file_path"":""s3://myfirstbucket-tamuda/Construction%20Projects%201/Construction%20Projects%20Dataset%202.csv"",""_c7"":"""",""Independent_33"":""0.96"",""_c26"":"" 1.00 "",""_c2"":"""",""_c41"":""0"",""Independent_35"":"" 4,774 "",""_c6"":"""",""Independent_31"":""1.06""}"
null,null,null,null,null,null,null,null,null,null,null,"{""_c11"":""26"",""_c18"":"" 1.00 "",""_c10"":"""","" Time dependent _20"":"" 0.96 "",""_c0"":"""","" Time dependent _16"":"" 1.00 "",""_c4"":"""",""_c1"":"""","" Time dependent _23"":"" 0.91 "",""Independent_30"":"" 1.08 "",""_c12"":""Project-L-28"",""Independent_38"":""1.42"",""Independent_36"":""13"",""_c29"":"" 1.08 "",""_c21"":"" 0.89 "",""_c13"":"" 1.09 "",""Independent_37"":"" 145,377,589 "",""_c3"":"""",""Independent_39"":""110.71"",""_c5"":"""",""Independent_32"":""0.98"","" Time dependent _19"":"" 0.98 "",""_c9"":"""",""_c28"":"" 1.08 "",""_c22"":"" 0.92 "",""_c14"":"" 1.09 "",""_c8"":"""",""_c25"":"" 1.00 "",""_c17"":"" 0.96 "",""Independent_40"":""82.47"",""_c42"":""0.89312170006476"",""Independent_34"":""1.11276667795462"",""_file_path"":""s3://myfirstbucket-tamuda/Construction%20Projects%201/Construction%20Projects%20Dataset%202.csv"",""_c7"":"""",""Independent_33"":""0.96"",""_c26"":"" 1.00 "",""_c2"":"""",""_c41"":"""",""Independent_35"":"" 4,774 "",""_c6"":"""",""Independent_31"":""1.06""}"
null,null,null,null,null,null,null,null,null,null,null,"{""_c11"":""27"",""_c18"":"" 1.00 "",""_c10"":"""","" Time dependent _20"":"" 0.96 "",""_c0"":"""","" Time dependent _16"":"" 1.00 "",""_c4"":"""",""_c1"":"""","" Time dependent _23"":"" 0.93 "",""Independent_30"":"" 1.05 "",""_c12"":""Project-L-29"",""Independent_38"":""2.34"",""Independent_36"":""13"",""_c29"":"" 1.05 "",""_c21"":"" 0.92 "",""_c13"":"" 1.12 "",""Independent_37"":"" 145,377,589 "",""_c3"":"""",""Independent_39"":""110.71"",""_c5"":"""",""Independent_32"":""0.98"","" Time dependent _19"":"" 0.98 "",""_c9"":"""",""_c28"":"" 1.05 "",""_c22"":"" 0.95 "",""_c14"":"" 1.12 "",""_c8"":"""",""_c25"":"" 1.00 "",""_c17"":"" 0.96 "",""Independent_40"":""82.37"",""_c42"":""0.90259994162292"",""Independent_34"":""1.11259735861835"",""_file_path"":""s3://myfirstbucket-tamuda/Construction%20Projects%201/Construction%20Projects%20Dataset%202.csv"",""_c7"":"""",""Independent_33"":""0.96"",""_c26"":"" 1.00 "",""_c2"":"""",""_c41"":"""",""Independent_35"":"" 4,774 "",""_c6"":"""",""Independent_31"":""1.03""}"
null,null,null,null,null,null,null,null,null,null,null,"{""_c11"":"""",""_c18"":"""",""_c10"":"""","" Time dependent _20"":"""",""_c0"":"""","" Time dependent _16"":"""",""_c4"":"""",""_c1"":"""","" Time dependent _23"":"""",""Independent_30"":"""",""_c12"":"""",""Independent_38"":"""",""Independent_36"":"""",""_c29"":"""",""_c21"":"""",""_c13"":"""",""Independent_37"":"""",""_c3"":"""",""Independent_39"":"""",""_c5"":"""",""Independent_32"":"""","" Time dependent _19"":"""",""_c9"":"""",""_c28"":"""",""_c22"":"""",""_c14"":"""",""_c8"":"""",""_c25"":"""",""_c17"":"""",""Independent_40"":"""",""_c42"":"""",""Independent_34"":"""",""_file_path"":""s3://myfirstbucket-tamuda/Construction%20Projects%201/Construction%20Projects%20Dataset%202.csv"",""_c7"":"""",""Independent_33"":"""",""_c26"":"""",""_c2"":"""",""_c41"":"""",""Independent_35"":"""",""_c6"":"""",""Independent_31"":""""}"
null,null,null,null,null,null,null,null,null,null,null,"{""_c11"":"""",""_c18"":"""",""_c10"":"""","" Time dependent _20"":"""",""_c0"":"""","" Time dependent _16"":"""",""_c4"":"""",""_c1"":"""","" Time dependent _23"":"""",""Independent_30"":"""",""_c12"":"""",""Independent_38"":"""",""Independent_36"":"""",""_c29"":"""",""_c21"":"""",""_c13"":"""",""Independent_37"":"""",""_c3"":"""",""Independent_39"":"""",""_c5"":"""",""Independent_32"":"""","" Time dependent _19"":"""",""_c9"":"""",""_c28"":"""",""_c22"":"""",""_c14"":"""",""_c8"":"""",""_c25"":"""",""_c17"":"""",""Independent_40"":"""",""_c42"":"""",""Independent_34"":"""",""_file_path"":""s3://myfirstbucket-tamuda/Construction%20Projects%201/Construction%20Projects%20Dataset%202.csv"",""_c7"":"""",""Independent_33"":"""",""_c26"":"""",""_c2"":"""",""_c41"":"""",""Independent_35"":"""",""_c6"":"""",""Independent_31"":""""}"
null,null,null,null,null,null,null,null,null,null,null,"{""_c11"":"""",""_c18"":"""",""_c10"":"""","" Time dependent _20"":"""",""_c0"":"""","" Time dependent _16"":"""",""_c4"":"""",""_c1"":"""","" Time dependent _23"":"""",""Independent_30"":"""",""_c12"":"""",""Independent_38"":"""",""Independent_36"":"""",""_c29"":"""",""_c21"":"""",""_c13"":"""",""Independent_37"":"""",""_c3"":"""",""Independent_39"":"""",""_c5"":"""",""Independent_32"":"""","" Time dependent _19"":"""",""_c9"":"""",""_c28"":"""",""_c22"":"""",""_c14"":"""",""_c8"":"""",""_c25"":"""",""_c17"":"""",""Independent_40"":"""",""_c42"":"""",""Independent_34"":"""",""_file_path"":""s3://myfirstbucket-tamuda/Construction%20Projects%201/Construction%20Projects%20Dataset%202.csv"",""_c7"":"""",""Independent_33"":"""",""_c26"":"""",""_c2"":"""",""_c41"":"""",""Independent_35"":"""",""_c6"":"""",""Independent_31"":""""}"
null,null,null,null,null,null,null,null,null,null,null,"{""_c11"":""1"",""_c18"":"" 0.02 "",""_c10"":""31"","" Time dependent _20"":"" 1.00 "",""_c0"":""H"","" Time dependent _16"":"" 0.02 "",""_c4"":""15"",""_c1"":"" 6,352 "","" Time dependent _23"":"" 0.00 "",""Independent_30"":"" 4.11 "",""_c12"":""Project-K-1"",""Independent_38"":""-0.37"",""Independent_36"":""15"",""_c29"":"" 7.21 "",""_c21"":"" 0.00 "",""_c13"":"" 0.03 "",""Independent_37"":"" 202,241,810 "",""_c3"":""11"",""Independent_39"":""108.95 "",""_c5"":""1"",""Independent_32"":""0"","" Time dependent _19"":"" 0.02 "",""_c9"":"" 202,241,810 "",""_c28"":"" 1.00 "",""_c22"":"" 0.00 "",""_c14"":"" 0.03 "",""_c8"":""715"",""_c25"":"" 1.00 "",""_c17"":"" 0.02 "",""Independent_40"":""75.73"",""_c42"":""0.8677484064104"",""Independent_34"":""1"",""_file_path"":""s3://myfirstbucket-tamuda/Construction%20Projects%201/Construction%20Projects%20Dataset%202.csv"",""_c7"":""2006-02-18"",""Independent_33"":""1"",""_c26"":"" 1.00 "",""_c2"":""4"",""_c41"":""1.06603773584906"",""Independent_35"":"" 6,352 "",""_c6"":""2004-03-05"",""Independent_31"":""0""}"
null,null,null,null,null,null,null,null,null,null,null,"{""_c11"":""2"",""_c18"":"" 0.03 "",""_c10"":"""","" Time dependent _20"":"" 1.00 "",""_c0"":"""","" Time dependent _16"":"" 0.03 "",""_c4"":"""",""_c1"":"""","" Time dependent _23"":"" 0.03 "",""Independent_30"":"" 0.76 "",""_c12"":""Project-K-2"",""Independent_38"":""0.11"",""Independent_36"":""15"",""_c29"":"" 0.76 "",""_c21"":"" 0.03 "",""_c13"":"" 0.08 "",""Independent_37"":"" 202,241,810 "",""_c3"":"""",""Independent_39"":""108.95 "",""_c5"":"""",""Independent_32"":""0"","" Time dependent _19"":"" 0.03 "",""_c9"":"""",""_c28"":"" 0.76 "",""_c22"":"" 0.03 "",""_c14"":"" 0.08 "",""_c8"":"""",""_c25"":"" 1.00 "",""_c17"":"" 0.03 "",""Independent_40"":""74.84"",""_c42"":""0.9022255214016"",""Independent_34"":""0.992031545223035"",""_file_path"":""s3://myfirstbucket-tamuda/Construction%20Projects%201/Construction%20Projects%20Dataset%202.csv"",""_c7"":"""",""Independent_33"":""1"",""_c26"":"" 1.00 "",""_c2"":"""",""_c41"":""1.02425876010782"",""Independent_35"":"" 6,352 "",""_c6"":"""",""Independent_31"":""0""}"
null,null,null,null,null,null,null,null,null,null,null,"{""_c11"":""3"",""_c18"":"" 0.06 "",""_c10"":"""","" Time dependent _20"":"" 1.00 "",""_c0"":"""","" Time dependent _16"":"" 0.09 "",""_c4"":"""",""_c1"":"""","" Time dependent _23"":"" 0.06 "",""Independent_30"":"" 1.00 "",""_c12"":""Project-K-3"",""Independent_38"":""1.2"",""Independent_36"":""15"",""_c29"":"" 1.00 "",""_c21"":"" 0.06 "",""_c13"":"" 0.12 "",""Independent_37"":"" 202,241,810 "",""_c3"":"""",""Independent_39"":""108.95 "",""_c5"":"""",""Independent_32"":""0"","" Time dependent _19"":"" 0.06 "",""_c9"":"""",""_c28"":"" 1.00 "",""_c22"":"" 0.06 "",""_c14"":"" 0.12 "",""_c8"":"""",""_c25"":"" 0.69 "",""_c17"":"" 0.06 "",""Independent_40"":""74.06"",""_c42"":""0.9405821566056"",""Independent_34"":""0.9850488786659"",""_file_path"":""s3://myfirstbucket-tamuda/Construction%20Projects%201/Construction%20Projects%20Dataset%202.csv"",""_c7"":"""",""Independent_33"":""1"",""_c26"":"" 0.69 "",""_c2"":"""",""_c41"":""0.983827493261456"",""Independent_35"":"" 6,352 "",""_c6"":"""",""Independent_31"":""0""}"
null,null,null,null,null,null,null,null,null,null,null,"{""_c11"":""4"",""_c18"":"" 0.11 "",""_c10"":"""","" Time dependent _20"":"" 1.00 "",""_c0"":"""","" Time dependent _16"":"" 0.14 "",""_c4"":"""",""_c1"":"""","" Time dependent _23"":"" 0.09 "",""Independent_30"":"" 1.19 "",""_c12"":""Project-K-4"",""Independent_38"":""0.15"",""Independent_36"":""15"",""_c29"":"" 1.19 "",""_c21"":"" 0.09 "",""_c13"":"" 0.16 "",""Independent_37"":"" 202,241,810 "",""_c3"":"""",""Independent_39"":""108.95 "",""_c5"":"""",""Independent_32"":""0.49"","" Time dependent _19"":"" 0.11 "",""_c9"":"""",""_c28"":"" 1.19 "",""_c22"":"" 0.09 "",""_c14"":"" 0.16 "",""_c8"":"""",""_c25"":"" 0.81 "",""_c17"":"" 0.11 "",""Independent_40"":""73.27"",""_c42"":""0.9598379964316"",""Independent_34"":""0.978148361127084"",""_file_path"":""s3://myfirstbucket-tamuda/Construction%20Projects%201/Construction%20Projects%20Dataset%202.csv"",""_c7"":"""",""Independent_33"":""1"",""_c26"":"" 0.81 "",""_c2"":"""",""_c41"":""0.942048517520216"",""Independent_35"":"" 6,352 "",""_c6"":"""",""Independent_31"":""0.58""}"
null,null,null,null,null,null,null,null,null,null,null,"{""_c11"":""5"",""_c18"":"" 0.17 "",""_c10"":"""","" Time dependent _20"":"" 1.00 "",""_c0"":"""","" Time dependent _16"":"" 0.18 "",""_c4"":"""",""_c1"":"""","" Time dependent _23"":"" 0.13 "",""Independent_30"":"" 1.24 "",""_c12"":""Project-K-5"",""Independent_38"":""1.2"",""Independent_36"":""15"",""_c29"":"" 1.22 "",""_c21"":"" 0.13 "",""_c13"":"" 0.20 "",""Independent_37"":"" 202,241,810 "",""_c3"":"""",""Independent_39"":""108.95 "",""_c5"":"""",""Independent_32"":""0.67"","" Time dependent _19"":"" 0.17 "",""_c9"":"""",""_c28"":"" 1.25 "",""_c22"":"" 0.14 "",""_c14"":"" 0.20 "",""_c8"":"""",""_c25"":"" 0.92 "",""_c17"":"" 0.17 "",""Independent_40"":""74.96"",""_c42"":""0.9456779558064"",""Independent_34"":""0.99679618828555"",""_file_path"":""s3://myfirstbucket-tamuda/Construction%20Projects%201/Construction%20Projects%20Dataset%202.csv"",""_c7"":"""",""Independent_33"":""1"",""_c26"":"" 0.92 "",""_c2"":"""",""_c41"":""0.901617250673854"",""Independent_35"":"" 6,352 "",""_c6"":"""",""Independent_31"":""0.83""}"
null,null,null,null,null,null,null,null,null,null,null,"{""_c11"":""6"",""_c18"":"" 0.19 "",""_c10"":"""","" Time dependent _20"":"" 1.00 "",""_c0"":"""","" Time dependent _16"":"" 0.20 "",""_c4"":"""",""_c1"":"""","" Time dependent _23"":"" 0.17 "",""Independent_30"":"" 1.15 "",""_c12"":""Project-K-6"",""Independent_38"":""1.64"",""Independent_36"":""15"",""_c29"":"" 1.13 "",""_c21"":"" 0.17 "",""_c13"":"" 0.24 "",""Independent_37"":"" 202,241,810 "",""_c3"":"""",""Independent_39"":""108.95 "",""_c5"":"""",""Independent_32"":""0.57"","" Time dependent _19"":"" 0.19 "",""_c9"":"""",""_c28"":"" 1.16 "",""_c22"":"" 0.17 "",""_c14"":"" 0.24 "",""_c8"":"""",""_c25"":"" 0.96 "",""_c17"":"" 0.19 "",""Independent_40"":""76.15"",""_c42"":""0.9484140776732"",""Independent_34"":""1.00821490183192"",""_file_path"":""s3://myfirstbucket-tamuda/Construction%20Projects%201/Construction%20Projects%20Dataset%202.csv"",""_c7"":"""",""Independent_33"":""1"",""_c26"":"" 0.96 "",""_c2"":"""",""_c41"":""0.859838274932615"",""Independent_35"":"" 6,352 "",""_c6"":"""",""Independent_31"":""0.66""}"
null,null,null,null,null,null,null,null,null,null,null,"{""_c11"":""7"",""_c18"":"" 0.21 "",""_c10"":"""","" Time dependent _20"":"" 1.00 "",""_c0"":"""","" Time dependent _16"":"" 0.22 "",""_c4"":"""",""_c1"":"""","" Time dependent _23"":"" 0.20 "",""Independent_30"":"" 1.05 "",""_c12"":""Project-K-7"",""Independent_38"":""-0.78"",""Independent_36"":""15"",""_c29"":"" 1.04 "",""_c21"":"" 0.20 "",""_c13"":"" 0.28 "",""Independent_37"":"" 202,241,810 "",""_c3"":"""",""Independent_39"":""108.95 "",""_c5"":"""",""Independent_32"":""0.87"","" Time dependent _19"":"" 0.21 "",""_c9"":"""",""_c28"":"" 1.06 "",""_c22"":"" 0.20 "",""_c14"":"" 0.28 "",""_c8"":"""",""_c25"":"" 0.98 "",""_c17"":"" 0.21 "",""Independent_40"":""76.03"",""_c42"":""0.9614014266712"",""Independent_34"":""1.00706481557545"",""_file_path"":""s3://myfirstbucket-tamuda/Construction%20Projects%201/Construction%20Projects%20Dataset%202.csv"",""_c7"":"""",""Independent_33"":""1"",""_c26"":"" 0.98 "",""_c2"":"""",""_c41"":""0.818059299191375"",""Independent_35"":"" 6,352 "",""_c6"":"""",""Independent_31"":""0.93""}"
null,null,null,null,null,null,null,null,null,null,null,"{""_c11"":""8"",""_c18"":"" 0.24 "",""_c10"":"""","" Time dependent _20"":"" 1.00 "",""_c0"":"""","" Time dependent _16"":"" 0.24 "",""_c4"":"""",""_c1"":"""","" Time dependent _23"":"" 0.23 "",""Independent_30"":"" 1.03 "",""_c12"":""Project-K-8"",""Independent_38"":""1.56"",""Independent_36"":""15"",""_c29"":"" 1.02 "",""_c21"":"" 0.23 "",""_c13"":"" 0.32 "",""Independent_37"":"" 202,241,810 "",""_c3"":"""",""Independent_39"":""108.95 "",""_c5"":"""",""Independent_32"":""0.76"","" Time dependent _19"":"" 0.24 "",""_c9"":"""",""_c28"":"" 1.04 "",""_c22"":"" 0.24 "",""_c14"":"" 0.32 "",""_c8"":"""",""_c25"":"" 1.00 "",""_c17"":"" 0.24 "",""Independent_40"":""76.75"",""_c42"":""0.9631263614812"",""Independent_34"":""1.01396533311427"",""_file_path"":""s3://myfirstbucket-tamuda/Construction%20Projects%201/Construction%20Projects%20Dataset%202.csv"",""_c7"":"""",""Independent_33"":""1"",""_c26"":"" 1.00 "",""_c2"":"""",""_c41"":""0.777628032345013"",""Independent_35"":"" 6,352 "",""_c6"":"""",""Independent_31"":""0.8""}"
null,null,null,null,null,null,null,null,null,null,null,"{""_c11"":""9"",""_c18"":"" 0.26 "",""_c10"":"""","" Time dependent _20"":"" 1.03 "",""_c0"":"""","" Time dependent _16"":"" 0.27 "",""_c4"":"""",""_c1"":"""","" Time dependent _23"":"" 0.26 "",""Independent_30"":"" 1.02 "",""_c12"":""Project-K-9"",""Independent_38"":""0.0800000000000001"",""Independent_36"":""15"",""_c29"":"" 1.00 "",""_c21"":"" 0.26 "",""_c13"":"" 0.36 "",""Independent_37"":"" 202,241,810 "",""_c3"":"""",""Independent_39"":""108.95 "",""_c5"":"""",""Independent_32"":""0.86"","" Time dependent _19"":"" 0.26 "",""_c9"":"""",""_c28"":"" 1.03 "",""_c22"":"" 0.26 "",""_c14"":"" 0.36 "",""_c8"":"""",""_c25"":"" 0.96 "",""_c17"":"" 0.26 "",""Independent_40"":""75.98"",""_c42"":""0.9987860091128"",""Independent_34"":""1.0068183685205"",""_file_path"":""s3://myfirstbucket-tamuda/Construction%20Projects%201/Construction%20Projects%20Dataset%202.csv"",""_c7"":"""",""Independent_33"":""1.03"",""_c26"":"" 0.96 "",""_c2"":"""",""_c41"":""0.735849056603774"",""Independent_35"":"" 6,352 "",""_c6"":"""",""Independent_31"":""0.88""}"
null,null,null,null,null,null,null,null,null,null,null,"{""_c11"":""10"",""_c18"":"" 0.30 "",""_c10"":"""","" Time dependent _20"":"" 1.03 "",""_c0"":"""","" Time dependent _16"":"" 0.30 "",""_c4"":"""",""_c1"":"""","" Time dependent _23"":"" 0.31 "",""Independent_30"":"" 0.99 "",""_c12"":""Project-K-10"",""Independent_38"":""1.51"",""Independent_36"":""15"",""_c29"":"" 0.98 "",""_c21"":"" 0.31 "",""_c13"":"" 0.40 "",""Independent_37"":"" 202,241,810 "",""_c3"":"""",""Independent_39"":""108.95 "",""_c5"":"""",""Independent_32"":""0.88"","" Time dependent _19"":"" 0.30 "",""_c9"":"""",""_c28"":"" 1.00 "",""_c22"":"" 0.30 "",""_c14"":"" 0.40 "",""_c8"":"""",""_c25"":"" 1.00 "",""_c17"":"" 0.31 "",""Independent_40"":""75.2"",""_c42"":""1.003558231682"",""Independent_34"":""1.00106793723815"",""_file_path"":""s3://myfirstbucket-tamuda/Construction%20Projects%201/Construction%20Projects%20Dataset%202.csv"",""_c7"":"""",""Independent_33"":""1.03"",""_c26"":"" 1.00 "",""_c2"":"""",""_c41"":""0.695417789757412"",""Independent_35"":"" 6,352 "",""_c6"":"""",""Independent_31"":""0.87""}"
null,null,null,null,null,null,null,null,null,null,null,"{""_c11"":""11"",""_c18"":"" 0.33 "",""_c10"":"""","" Time dependent _20"":"" 1.03 "",""_c0"":"""","" Time dependent _16"":"" 0.33 "",""_c4"":"""",""_c1"":"""","" Time dependent _23"":"" 0.35 "",""Independent_30"":"" 0.94 "",""_c12"":""Project-K-11"",""Independent_38"":""-0.22"",""Independent_36"":""15"",""_c29"":"" 0.93 "",""_c21"":"" 0.35 "",""_c13"":"" 0.45 "",""Independent_37"":"" 202,241,810 "",""_c3"":"""",""Independent_39"":""102"",""_c5"":"""",""Independent_32"":""0.92"","" Time dependent _19"":"" 0.33 "",""_c9"":"""",""_c28"":"" 0.95 "",""_c22"":"" 0.35 "",""_c14"":"" 0.45 "",""_c8"":"""",""_c25"":"" 1.00 "",""_c17"":"" 0.33 "",""Independent_40"":""74.6"",""_c42"":""1.0200119240516"",""Independent_34"":""0.996138996138996"",""_file_path"":""s3://myfirstbucket-tamuda/Construction%20Projects%201/Construction%20Projects%20Dataset%202.csv"",""_c7"":"""",""Independent_33"":""1.03"",""_c26"":"" 1.00 "",""_c2"":"""",""_c41"":""0.653638814016173"",""Independent_35"":"" 6,352 "",""_c6"":"""",""Independent_31"":""0.87""}"
null,null,null,null,null,null,null,null,null,null,null,"{""_c11"":""12"",""_c18"":"" 0.35 "",""_c10"":"""","" Time dependent _20"":"" 1.03 "",""_c0"":"""","" Time dependent _16"":"" 0.35 "",""_c4"":"""",""_c1"":"""","" Time dependent _23"":"" 0.36 "",""Independent_30"":"" 0.98 "",""_c12"":""Project-K-12"",""Independent_38"":""-1.61"",""Independent_36"":""15"",""_c29"":"" 0.97 "",""_c21"":"" 0.36 "",""_c13"":"" 0.49 "",""Independent_37"":"" 202,241,810 "",""_c3"":"""",""Independent_39"":""102"",""_c5"":"""",""Independent_32"":""0.93"","" Time dependent _19"":"" 0.35 "",""_c9"":"""",""_c28"":"" 0.99 "",""_c22"":"" 0.36 "",""_c14"":"" 0.49 "",""_c8"":"""",""_c25"":"" 1.00 "",""_c17"":"" 0.36 "",""Independent_40"":""75.24"",""_c42"":""1.0030986816404"",""Independent_34"":""1.00262876858622"",""_file_path"":""s3://myfirstbucket-tamuda/Construction%20Projects%201/Construction%20Projects%20Dataset%202.csv"",""_c7"":"""",""Independent_33"":""1.03"",""_c26"":"" 1.00 "",""_c2"":"""",""_c41"":""0.61455525606469"",""Independent_35"":"" 6,352 "",""_c6"":"""",""Independent_31"":""0.92""}"
null,null,null,null,null,null,null,null,null,null,null,"{""_c11"":""13"",""_c18"":"" 0.41 "",""_c10"":"""","" Time dependent _20"":"" 1.03 "",""_c0"":"""","" Time dependent _16"":"" 0.41 "",""_c4"":"""",""_c1"":"""","" Time dependent _23"":"" 0.41 "",""Independent_30"":"" 1.01 "",""_c12"":""Project-K-13"",""Independent_38"":""0.15"",""Independent_36"":""15"",""_c29"":"" 1.00 "",""_c21"":"" 0.41 "",""_c13"":"" 0.57 "",""Independent_37"":"" 202,241,810 "",""_c3"":"""",""Independent_39"":""102"",""_c5"":"""",""Independent_32"":""0.89"","" Time dependent _19"":"" 0.41 "",""_c9"":"""",""_c28"":"" 1.02 "",""_c22"":"" 0.41 "",""_c14"":"" 0.57 "",""_c8"":"""",""_c25"":"" 1.00 "",""_c17"":"" 0.42 "",""Independent_40"":""75.37"",""_c42"":""0.9742713676492"",""Independent_34"":""1.00607902735562"",""_file_path"":""s3://myfirstbucket-tamuda/Construction%20Projects%201/Construction%20Projects%20Dataset%202.csv"",""_c7"":"""",""Independent_33"":""1.03"",""_c26"":"" 1.00 "",""_c2"":"""",""_c41"":""0.532345013477089"",""Independent_35"":"" 6,352 "",""_c6"":"""",""Independent_31"":""0.91""}"
null,null,null,null,null,null,null,null,null,null,null,"{""_c11"":""14"",""_c18"":"" 0.44 "",""_c10"":"""","" Time dependent _20"":"" 1.03 "",""_c0"":"""","" Time dependent _16"":"" 0.43 "",""_c4"":"""",""_c1"":"""","" Time dependent _23"":"" 0.44 "",""Independent_30"":"" 1.02 "",""_c12"":""Project-K-14"",""Independent_38"":""0.67"",""Independent_36"":""15"",""_c29"":"" 1.01 "",""_c21"":"" 0.44 "",""_c13"":"" 0.61 "",""Independent_37"":"" 202,241,810 "",""_c3"":"""",""Independent_39"":""102"",""_c5"":"""",""Independent_32"":""0.91"","" Time dependent _19"":"" 0.45 "",""_c9"":"""",""_c28"":"" 1.03 "",""_c22"":"" 0.44 "",""_c14"":"" 0.61 "",""_c8"":"""",""_c25"":"" 1.01 "",""_c17"":"" 0.45 "",""Independent_40"":""74.47"",""_c42"":""0.968293254776"",""Independent_34"":""0.997946274542019"",""_file_path"":""s3://myfirstbucket-tamuda/Construction%20Projects%201/Construction%20Projects%20Dataset%202.csv"",""_c7"":"""",""Independent_33"":""1.03"",""_c26"":"" 1.01 "",""_c2"":"""",""_c41"":""0.491913746630728"",""Independent_35"":"" 6,352 "",""_c6"":"""",""Independent_31"":""0.94""}"
null,null,null,null,null,null,null,null,null,null,null,"{""_c11"":""15"",""_c18"":"" 0.49 "",""_c10"":"""","" Time dependent _20"":"" 1.03 "",""_c0"":"""","" Time dependent _16"":"" 0.47 "",""_c4"":"""",""_c1"":"""","" Time dependent _23"":"" 0.47 "",""Independent_30"":"" 1.05 "",""_c12"":""Project-K-15"",""Independent_38"":""0.26"",""Independent_36"":""15"",""_c29"":"" 1.04 "",""_c21"":"" 0.47 "",""_c13"":"" 0.65 "",""Independent_37"":"" 202,241,810 "",""_c3"":"""",""Independent_39"":""102"",""_c5"":"""",""Independent_32"":""0.9"","" Time dependent _19"":"" 0.50 "",""_c9"":"""",""_c28"":"" 1.06 "",""_c22"":"" 0.47 "",""_c14"":"" 0.65 "",""_c8"":"""",""_c25"":"" 1.04 "",""_c17"":"" 0.50 "",""Independent_40"":""73.27"",""_c42"":""0.9597283445436"",""Independent_34"":""0.986609710013965"",""_file_path"":""s3://myfirstbucket-tamuda/Construction%20Projects%201/Construction%20Projects%20Dataset%202.csv"",""_c7"":"""",""Independent_33"":""1.03"",""_c26"":"" 1.04 "",""_c2"":"""",""_c41"":""0.450134770889488"",""Independent_35"":"" 6,352 "",""_c6"":"""",""Independent_31"":""0.96""}"
null,null,null,null,null,null,null,null,null,null,null,"{""_c11"":""16"",""_c18"":"" 0.53 "",""_c10"":"""","" Time dependent _20"":"" 1.03 "",""_c0"":"""","" Time dependent _16"":"" 0.51 "",""_c4"":"""",""_c1"":"""","" Time dependent _23"":"" 0.49 "",""Independent_30"":"" 1.10 "",""_c12"":""Project-K-16"",""Independent_38"":""1.31"",""Independent_36"":""15"",""_c29"":"" 1.09 "",""_c21"":"" 0.49 "",""_c13"":"" 0.69 "",""Independent_37"":"" 202,241,810 "",""_c3"":"""",""Independent_39"":""102"",""_c5"":"""",""Independent_32"":""0.89"","" Time dependent _19"":"" 0.54 "",""_c9"":"""",""_c28"":"" 1.11 "",""_c22"":"" 0.49 "",""_c14"":"" 0.69 "",""_c8"":"""",""_c25"":"" 1.05 "",""_c17"":"" 0.55 "",""Independent_40"":""73.17"",""_c42"":""0.939156016022"",""Independent_34"":""0.985788219830773"",""_file_path"":""s3://myfirstbucket-tamuda/Construction%20Projects%201/Construction%20Projects%20Dataset%202.csv"",""_c7"":"""",""Independent_33"":""1.03"",""_c26"":"" 1.05 "",""_c2"":"""",""_c41"":""0.409703504043127"",""Independent_35"":"" 6,352 "",""_c6"":"""",""Independent_31"":""0.99""}"
null,null,null,null,null,null,null,null,null,null,null,"{""_c11"":""17"",""_c18"":"" 0.56 "",""_c10"":"""","" Time dependent _20"":"" 1.03 "",""_c0"":"""","" Time dependent _16"":"" 0.55 "",""_c4"":"""",""_c1"":"""","" Time dependent _23"":"" 0.53 "",""Independent_30"":"" 1.06 "",""_c12"":""Project-K-17"",""Independent_38"":""1.34"",""Independent_36"":""15"",""_c29"":"" 1.05 "",""_c21"":"" 0.53 "",""_c13"":"" 0.73 "",""Independent_37"":"" 202,241,810 "",""_c3"":"""",""Independent_39"":""102"",""_c5"":"""",""Independent_32"":""0.87"","" Time dependent _19"":"" 0.56 "",""_c9"":"""",""_c28"":"" 1.07 "",""_c22"":"" 0.53 "",""_c14"":"" 0.73 "",""_c8"":"""",""_c25"":"" 1.02 "",""_c17"":"" 0.57 "",""Independent_40"":""73.55"",""_c42"":""0.9511699846996"",""Independent_34"":""0.989402776636819"",""_file_path"":""s3://myfirstbucket-tamuda/Construction%20Projects%201/Construction%20Projects%20Dataset%202.csv"",""_c7"":"""",""Independent_33"":""1.03"",""_c26"":"" 1.02 "",""_c2"":"""",""_c41"":""0.367924528301887"",""Independent_35"":"" 6,352 "",""_c6"":"""",""Independent_31"":""0.93""}"
null,null,null,null,null,null,null,null,null,null,null,"{""_c11"":""18"",""_c18"":"" 0.60 "",""_c10"":"""","" Time dependent _20"":"" 1.03 "",""_c0"":"""","" Time dependent _16"":"" 0.60 "",""_c4"":"""",""_c1"":"""","" Time dependent _23"":"" 0.59 "",""Independent_30"":"" 1.03 "",""_c12"":""Project-K-18"",""Independent_38"":""-0.32"",""Independent_36"":""15"",""_c29"":"" 1.02 "",""_c21"":"" 0.59 "",""_c13"":"" 0.77 "",""Independent_37"":"" 202,241,810 "",""_c3"":"""",""Independent_39"":""102"",""_c5"":"""",""Independent_32"":""0.93"","" Time dependent _19"":"" 0.61 "",""_c9"":"""",""_c28"":"" 1.04 "",""_c22"":"" 0.59 "",""_c14"":"" 0.77 "",""_c8"":"""",""_c25"":"" 1.00 "",""_c17"":"" 0.62 "",""Independent_40"":""74.34"",""_c42"":""0.9704809252732"",""Independent_34"":""0.996960486322188"",""_file_path"":""s3://myfirstbucket-tamuda/Construction%20Projects%201/Construction%20Projects%20Dataset%202.csv"",""_c7"":"""",""Independent_33"":""1.03"",""_c26"":"" 1.00 "",""_c2"":"""",""_c41"":""0.326145552560647"",""Independent_35"":"" 6,352 "",""_c6"":"""",""Independent_31"":""0.96""}"
null,null,null,null,null,null,null,null,null,null,null,"{""_c11"":""19"",""_c18"":"" 0.68 "",""_c10"":"""","" Time dependent _20"":"" 1.07 "",""_c0"":"""","" Time dependent _16"":"" 0.68 "",""_c4"":"""",""_c1"":"""","" Time dependent _23"":"" 0.63 "",""Independent_30"":"" 1.12 "",""_c12"":""Project-K-19"",""Independent_38"":""0.0299999999999998"",""Independent_36"":""15"",""_c29"":"" 1.11 "",""_c21"":"" 0.64 "",""_c13"":"" 0.81 "",""Independent_37"":"" 202,241,810 "",""_c3"":"""",""Independent_39"":""102"",""_c5"":"""",""Independent_32"":""0.85"","" Time dependent _19"":"" 0.70 "",""_c9"":"""",""_c28"":"" 1.13 "",""_c22"":"" 0.61 "",""_c14"":"" 0.81 "",""_c8"":"""",""_c25"":"" 1.00 "",""_c17"":"" 0.72 "",""Independent_40"":""74.34"",""_c42"":""1.00939681048"",""Independent_34"":""0.998110572578658"",""_file_path"":""s3://myfirstbucket-tamuda/Construction%20Projects%201/Construction%20Projects%20Dataset%202.csv"",""_c7"":"""",""Independent_33"":""1.07"",""_c26"":"" 1.00 "",""_c2"":"""",""_c41"":""0.285714285714286"",""Independent_35"":"" 6,352 "",""_c6"":"""",""Independent_31"":""0.96""}"
null,null,null,null,null,null,null,null,null,null,null,"{""_c11"":""20"",""_c18"":"" 0.75 "",""_c10"":"""","" Time dependent _20"":"" 1.07 "",""_c0"":"""","" Time dependent _16"":"" 0.76 "",""_c4"":"""",""_c1"":"""","" Time dependent _23"":"" 0.69 "",""Independent_30"":"" 1.12 "",""_c12"":""Project-K-20"",""Independent_38"":""0.38"",""Independent_36"":""15"",""_c29"":"" 1.11 "",""_c21"":"" 0.71 "",""_c13"":"" 0.86 "",""Independent_37"":"" 202,241,810 "",""_c3"":"""",""Independent_39"":""102"",""_c5"":"""",""Independent_32"":""0.85"","" Time dependent _19"":"" 0.77 "",""_c9"":"""",""_c28"":"" 1.13 "",""_c22"":"" 0.68 "",""_c14"":"" 0.86 "",""_c8"":"""",""_c25"":"" 0.99 "",""_c17"":"" 0.80 "",""Independent_40"":""73.98"",""_c42"":""1.0256898856388"",""Independent_34"":""0.995235356937485"",""_file_path"":""s3://myfirstbucket-tamuda/Construction%20Projects%201/Construction%20Projects%20Dataset%202.csv"",""_c7"":"""",""Independent_33"":""1.07"",""_c26"":"" 0.99 "",""_c2"":"""",""_c41"":""0.243935309973046"",""Independent_35"":"" 6,352 "",""_c6"":"""",""Independent_31"":""0.96""}"
null,null,null,null,null,null,null,null,null,null,null,"{""_c11"":""21"",""_c18"":"" 0.83 "",""_c10"":"""","" Time dependent _20"":"" 1.07 "",""_c0"":"""","" Time dependent _16"":"" 0.83 "",""_c4"":"""",""_c1"":"""","" Time dependent _23"":"" 0.75 "",""Independent_30"":"" 1.14 "",""_c12"":""Project-K-21"",""Independent_38"":""0.78"",""Independent_36"":""15"",""_c29"":"" 1.13 "",""_c21"":"" 0.77 "",""_c13"":"" 0.90 "",""Independent_37"":"" 202,241,810 "",""_c3"":"""",""Independent_39"":""102"",""_c5"":"""",""Independent_32"":""0.83"","" Time dependent _19"":"" 0.86 "",""_c9"":"""",""_c28"":"" 1.15 "",""_c22"":"" 0.73 "",""_c14"":"" 0.90 "",""_c8"":"""",""_c25"":"" 0.99 "",""_c17"":"" 0.88 "",""Independent_40"":""73.97"",""_c42"":""1.0285882235188"",""Independent_34"":""0.995563953010762"",""_file_path"":""s3://myfirstbucket-tamuda/Construction%20Projects%201/Construction%20Projects%20Dataset%202.csv"",""_c7"":"""",""Independent_33"":""1.07"",""_c26"":"" 0.99 "",""_c2"":"""",""_c41"":""0.203504043126685"",""Independent_35"":"" 6,352 "",""_c6"":"""",""Independent_31"":""0.96""}"
null,null,null,null,null,null,null,null,null,null,null,"{""_c11"":""22"",""_c18"":"" 0.88 "",""_c10"":"""","" Time dependent _20"":"" 1.07 "",""_c0"":"""","" Time dependent _16"":"" 0.87 "",""_c4"":"""",""_c1"":"""","" Time dependent _23"":"" 0.78 "",""Independent_30"":"" 1.17 "",""_c12"":""Project-K-22"",""Independent_38"":""-0.51"",""Independent_36"":""15"",""_c29"":"" 1.15 "",""_c21"":"" 0.80 "",""_c13"":"" 0.94 "",""Independent_37"":"" 202,241,810 "",""_c3"":"""",""Independent_39"":""101.91"",""_c5"":"""",""Independent_32"":""0.84"","" Time dependent _19"":"" 0.91 "",""_c9"":"""",""_c28"":"" 1.18 "",""_c22"":"" 0.76 "",""_c14"":"" 0.94 "",""_c8"":"""",""_c25"":"" 1.01 "",""_c17"":"" 0.94 "",""Independent_40"":""74.37"",""_c42"":""1.0153228886992"",""Independent_34"":""0.999589254908404"",""_file_path"":""s3://myfirstbucket-tamuda/Construction%20Projects%201/Construction%20Projects%20Dataset%202.csv"",""_c7"":"""",""Independent_33"":""1.07"",""_c26"":"" 1.01 "",""_c2"":"""",""_c41"":""0.161725067385445"",""Independent_35"":"" 6,352 "",""_c6"":"""",""Independent_31"":""0.99""}"
null,null,null,null,null,null,null,null,null,null,null,"{""_c11"":""23"",""_c18"":"" 0.91 "",""_c10"":"""","" Time dependent _20"":"" 1.07 "",""_c0"":"""","" Time dependent _16"":"" 0.91 "",""_c4"":"""",""_c1"":"""","" Time dependent _23"":"" 0.80 "",""Independent_30"":"" 1.18 "",""_c12"":""Project-K-23"",""Independent_38"":""-1.61"",""Independent_36"":""15"",""_c29"":"" 1.17 "",""_c21"":"" 0.82 "",""_c13"":"" 0.98 "",""Independent_37"":"" 202,241,810 "",""_c3"":"""",""Independent_39"":""101.91"",""_c5"":"""",""Independent_32"":""0.87"","" Time dependent _19"":"" 0.94 "",""_c9"":"""",""_c28"":"" 1.19 "",""_c22"":"" 0.78 "",""_c14"":"" 0.98 "",""_c8"":"""",""_c25"":"" 1.00 "",""_c17"":"" 0.97 "",""Independent_40"":""74.88"",""_c42"":""1.000709327588"",""Independent_34"":""1.00460034502588"",""_file_path"":""s3://myfirstbucket-tamuda/Construction%20Projects%201/Construction%20Projects%20Dataset%202.csv"",""_c7"":"""",""Independent_33"":""1.07"",""_c26"":"" 1.00 "",""_c2"":"""",""_c41"":""0.122641509433962"",""Independent_35"":"" 6,352 "",""_c6"":"""",""Independent_31"":""1.04""}"
null,null,null,null,null,null,null,null,null,null,null,"{""_c11"":""24"",""_c18"":"" 0.96 "",""_c10"":"""","" Time dependent _20"":"" 1.07 "",""_c0"":"""","" Time dependent _16"":"" 0.95 "",""_c4"":"""",""_c1"":"""","" Time dependent _23"":"" 0.84 "",""Independent_30"":"" 1.18 "",""_c12"":""Project-K-24"",""Independent_38"":""0.89"",""Independent_36"":""15"",""_c29"":"" 1.17 "",""_c21"":"" 0.85 "",""_c13"":"" 1.02 "",""Independent_37"":"" 202,241,810 "",""_c3"":"""",""Independent_39"":""101.91"",""_c5"":"""",""Independent_32"":""0.88"","" Time dependent _19"":"" 0.99 "",""_c9"":"""",""_c28"":"" 1.19 "",""_c22"":"" 0.82 "",""_c14"":"" 1.02 "",""_c8"":"""",""_c25"":"" 1.00 "",""_c17"":"" 1.02 "",""Independent_40"":""75.99"",""_c42"":""0.9971240553496"",""Independent_34"":""1.01593690955393"",""_file_path"":""s3://myfirstbucket-tamuda/Construction%20Projects%201/Construction%20Projects%20Dataset%202.csv"",""_c7"":"""",""Independent_33"":""1.07"",""_c26"":"" 1.00 "",""_c2"":"""",""_c41"":""0.0822102425876011"",""Independent_35"":"" 6,352 "",""_c6"":"""",""Independent_31"":""1.06""}"
null,null,null,null,null,null,null,null,null,null,null,"{""_c11"":""25"",""_c18"":"" 0.99 "",""_c10"":"""","" Time dependent _20"":"" 1.07 "",""_c0"":"""","" Time dependent _16"":"" 0.98 "",""_c4"":"""",""_c1"":"""","" Time dependent _23"":"" 0.83 "",""Independent_30"":"" 1.23 "",""_c12"":""Project-K-25"",""Independent_38"":""-0.77"",""Independent_36"":""15"",""_c29"":"" 1.21 "",""_c21"":"" 0.85 "",""_c13"":"" 1.06 "",""Independent_37"":"" 202,241,810 "",""_c3"":"""",""Independent_39"":""102.6"",""_c5"":"""",""Independent_32"":""0.89"","" Time dependent _19"":"" 1.02 "",""_c9"":"""",""_c28"":"" 1.24 "",""_c22"":"" 0.81 "",""_c14"":"" 1.06 "",""_c8"":"""",""_c25"":"" 1.00 "",""_c17"":"" 1.05 "",""Independent_40"":""78.02"",""_c42"":""0.9587887667952"",""Independent_34"":""1.03532407787727"",""_file_path"":""s3://myfirstbucket-tamuda/Construction%20Projects%201/Construction%20Projects%20Dataset%202.csv"",""_c7"":"""",""Independent_33"":""1.07"",""_c26"":"" 1.00 "",""_c2"":"""",""_c41"":""0.0404312668463612"",""Independent_35"":"" 6,352 "",""_c6"":"""",""Independent_31"":""1.1""}"
null,null,null,null,null,null,null,null,null,null,null,"{""_c11"":""26"",""_c18"":"" 1.00 "",""_c10"":"""","" Time dependent _20"":"" 1.07 "",""_c0"":"""","" Time dependent _16"":"" 1.00 "",""_c4"":"""",""_c1"":"""","" Time dependent _23"":"" 0.90 "",""Independent_30"":"" 1.16 "",""_c12"":""Project-K-26"",""Independent_38"":""0.97"",""Independent_36"":""15"",""_c29"":"" 1.14 "",""_c21"":"" 0.92 "",""_c13"":"" 1.10 "",""Independent_37"":"" 202,241,810 "",""_c3"":"""",""Independent_39"":""102.6"",""_c5"":"""",""Independent_32"":""0.89"","" Time dependent _19"":"" 1.03 "",""_c9"":"""",""_c28"":"" 1.17 "",""_c22"":"" 0.88 "",""_c14"":"" 1.10 "",""_c8"":"""",""_c25"":"" 1.00 "",""_c17"":"" 1.07 "",""Independent_40"":""81.26"",""_c42"":""0.9979726089996"",""Independent_34"":""1.06686930091185"",""_file_path"":""s3://myfirstbucket-tamuda/Construction%20Projects%201/Construction%20Projects%20Dataset%202.csv"",""_c7"":"""",""Independent_33"":""1.07"",""_c26"":"" 1.00 "",""_c2"":"""",""_c41"":""0"",""Independent_35"":"" 6,352 "",""_c6"":"""",""Independent_31"":""1.03""}"
null,null,null,null,null,null,null,null,null,null,null,"{""_c11"":""27"",""_c18"":"" 1.00 "",""_c10"":"""","" Time dependent _20"":"" 1.07 "",""_c0"":"""","" Time dependent _16"":"" 1.00 "",""_c4"":"""",""_c1"":"""","" Time dependent _23"":"" 0.91 "",""Independent_30"":"" 1.14 "",""_c12"":""Project-K-27"",""Independent_38"":""-0.2"",""Independent_36"":""15"",""_c29"":"" 1.13 "",""_c21"":"" 0.93 "",""_c13"":"" 1.14 "",""Independent_37"":"" 202,241,810 "",""_c3"":"""",""Independent_39"":""102.6"",""_c5"":"""",""Independent_32"":""0.89"","" Time dependent _19"":"" 1.03 "",""_c9"":"""",""_c28"":"" 1.15 "",""_c22"":"" 0.89 "",""_c14"":"" 1.14 "",""_c8"":"""",""_c25"":"" 1.00 "",""_c17"":"" 1.07 "",""Independent_40"":""82.11"",""_c42"":""0.99204302648"",""Independent_34"":""1.07590569292697"",""_file_path"":""s3://myfirstbucket-tamuda/Construction%20Projects%201/Construction%20Projects%20Dataset%202.csv"",""_c7"":"""",""Independent_33"":""1.07"",""_c26"":"" 1.00 "",""_c2"":"""",""_c41"":"""",""Independent_35"":"" 6,352 "",""_c6"":"""",""Independent_31"":""1.03""}"
null,null,null,null,null,null,null,null,null,null,null,"{""_c11"":""28"",""_c18"":"" 1.00 "",""_c10"":"""","" Time dependent _20"":"" 1.07 "",""_c0"":"""","" Time dependent _16"":"" 1.00 "",""_c4"":"""",""_c1"":"""","" Time dependent _23"":"" 0.93 "",""Independent_30"":"" 1.12 "",""_c12"":""Project-K-28"",""Independent_38"":""1.42"",""Independent_36"":""15"",""_c29"":"" 1.10 "",""_c21"":"" 0.95 "",""_c13"":"" 1.18 "",""Independent_37"":"" 202,241,810 "",""_c3"":"""",""Independent_39"":""110.71"",""_c5"":"""",""Independent_32"":""0.91"","" Time dependent _19"":"" 1.03 "",""_c9"":"""",""_c28"":"" 1.13 "",""_c22"":"" 0.91 "",""_c14"":"" 1.18 "",""_c8"":"""",""_c25"":"" 1.00 "",""_c17"":"" 1.07 "",""Independent_40"":""82.47"",""_c42"":""1.0139151192536"",""Independent_34"":""1.07976669678797"",""_file_path"":""s3://myfirstbucket-tamuda/Construction%20Projects%201/Construction%20Projects%20Dataset%202.csv"",""_c7"":"""",""Independent_33"":""1.07"",""_c26"":"" 1.00 "",""_c2"":"""",""_c41"":"""",""Independent_35"":"" 6,352 "",""_c6"":"""",""Independent_31"":""1.03""}"
null,null,null,null,null,null,null,null,null,null,null,"{""_c11"":""29"",""_c18"":"" 1.00 "",""_c10"":"""","" Time dependent _20"":"" 1.03 "",""_c0"":"""","" Time dependent _16"":"" 1.00 "",""_c4"":"""",""_c1"":"""","" Time dependent _23"":"" 0.95 "",""Independent_30"":"" 1.07 "",""_c12"":""Project-K-29"",""Independent_38"":""2.34"",""Independent_36"":""15"",""_c29"":"" 1.06 "",""_c21"":"" 0.96 "",""_c13"":"" 1.22 "",""Independent_37"":"" 202,241,810 "",""_c3"":"""",""Independent_39"":""110.71"",""_c5"":"""",""Independent_32"":""0.95"","" Time dependent _19"":"" 1.02 "",""_c9"":"""",""_c28"":"" 1.08 "",""_c22"":"" 0.95 "",""_c14"":"" 1.22 "",""_c8"":"""",""_c25"":"" 1.00 "",""_c17"":"" 1.03 "",""Independent_40"":""82.37"",""_c42"":""0.9804282153952"",""Independent_34"":""1.07960239875133"",""_file_path"":""s3://myfirstbucket-tamuda/Construction%20Projects%201/Construction%20Projects%20Dataset%202.csv"",""_c7"":"""",""Independent_33"":""1.03"",""_c26"":"" 1.00 "",""_c2"":"""",""_c41"":"""",""Independent_35"":"" 6,352 "",""_c6"":"""",""Independent_31"":""1.03""}"
null,null,null,null,null,null,null,null,null,null,null,"{""_c11"":""30"",""_c18"":"" 1.00 "",""_c10"":"""","" Time dependent _20"":"" 1.03 "",""_c0"":"""","" Time dependent _16"":"" 1.00 "",""_c4"":"""",""_c1"":"""","" Time dependent _23"":"" 0.96 "",""Independent_30"":"" 1.06 "",""_c12"":""Project-K-30"",""Independent_38"":""0.69"",""Independent_36"":""15"",""_c29"":"" 1.05 "",""_c21"":"" 0.96 "",""_c13"":"" 1.27 "",""Independent_37"":"" 202,241,810 "",""_c3"":"""",""Independent_39"":""110.71"",""_c5"":"""",""Independent_32"":""0.97"","" Time dependent _19"":"" 1.02 "",""_c9"":"""",""_c28"":"" 1.07 "",""_c22"":"" 0.95 "",""_c14"":"" 1.27 "",""_c8"":"""",""_c25"":"" 1.00 "",""_c17"":"" 1.03 "",""Independent_40"":""82.83"",""_c42"":""0.9841673323076"",""Independent_34"":""1.08412059475889"",""_file_path"":""s3://myfirstbucket-tamuda/Construction%20Projects%201/Construction%20Projects%20Dataset%202.csv"",""_c7"":"""",""Independent_33"":""1.03"",""_c26"":"" 1.00 "",""_c2"":"""",""_c41"":"""",""Independent_35"":"" 6,352 "",""_c6"":"""",""Independent_31"":""1.05""}"
null,null,null,null,null,null,null,null,null,null,null,"{""_c11"":""31"",""_c18"":"" 1.00 "",""_c10"":"""","" Time dependent _20"":"" 1.04 "",""_c0"":"""","" Time dependent _16"":"" 1.00 "",""_c4"":"""",""_c1"":"""","" Time dependent _23"":"" 0.97 "",""Independent_30"":"" 1.07 "",""_c12"":""Project-K-31"",""Independent_38"":""0.75"",""Independent_36"":""15"",""_c29"":"" 1.05 "",""_c21"":"" 0.99 "",""_c13"":"" 1.31 "",""Independent_37"":"" 202,241,810 "",""_c3"":"""",""Independent_39"":""85.05"",""_c5"":"""",""Independent_32"":""1"","" Time dependent _19"":"" 1.02 "",""_c9"":"""",""_c28"":"" 1.08 "",""_c22"":"" 0.95 "",""_c14"":"" 1.31 "",""_c8"":"""",""_c25"":"" 1.00 "",""_c17"":"" 1.04 "",""Independent_40"":""83.57"",""_c42"":""1.0198952617368"",""Independent_34"":""1.0965250965251"",""_file_path"":""s3://myfirstbucket-tamuda/Construction%20Projects%201/Construction%20Projects%20Dataset%202.csv"",""_c7"":"""",""Independent_33"":""1.04"",""_c26"":"" 1.00 "",""_c2"":"""",""_c41"":"""",""Independent_35"":"" 6,352 "",""_c6"":"""",""Independent_31"":""1.08""}"
null,null,null,null,null,null,null,null,null,null,null,"{""_c11"":"""",""_c18"":"""",""_c10"":"""","" Time dependent _20"":"""",""_c0"":"""","" Time dependent _16"":"""",""_c4"":"""",""_c1"":"""","" Time dependent _23"":"""",""Independent_30"":"""",""_c12"":"""",""Independent_38"":"""",""Independent_36"":"""",""_c29"":"""",""_c21"":"""",""_c13"":"""",""Independent_37"":"""",""_c3"":"""",""Independent_39"":"""",""_c5"":"""",""Independent_32"":"""","" Time dependent _19"":"""",""_c9"":"""",""_c28"":"""",""_c22"":"""",""_c14"":"""",""_c8"":"""",""_c25"":"""",""_c17"":"""",""Independent_40"":"""",""_c42"":"""",""Independent_34"":"""",""_file_path"":""s3://myfirstbucket-tamuda/Construction%20Projects%201/Construction%20Projects%20Dataset%202.csv"",""_c7"":"""",""Independent_33"":"""",""_c26"":"""",""_c2"":"""",""_c41"":"""",""Independent_35"":"""",""_c6"":"""",""Independent_31"":""""}"
null,null,null,null,null,null,null,null,null,null,null,"{""_c11"":"""",""_c18"":"""",""_c10"":"""","" Time dependent _20"":"""",""_c0"":"""","" Time dependent _16"":"""",""_c4"":"""",""_c1"":"""","" Time dependent _23"":"""",""Independent_30"":"""",""_c12"":"""",""Independent_38"":"""",""Independent_36"":"""",""_c29"":"""",""_c21"":"""",""_c13"":"""",""Independent_37"":"""",""_c3"":"""",""Independent_39"":"""",""_c5"":"""",""Independent_32"":"""","" Time dependent _19"":"""",""_c9"":"""",""_c28"":"""",""_c22"":"""",""_c14"":"""",""_c8"":"""",""_c25"":"""",""_c17"":"""",""Independent_40"":"""",""_c42"":"""",""Independent_34"":"""",""_file_path"":""s3://myfirstbucket-tamuda/Construction%20Projects%201/Construction%20Projects%20Dataset%202.csv"",""_c7"":"""",""Independent_33"":"""",""_c26"":"""",""_c2"":"""",""_c41"":"""",""Independent_35"":"""",""_c6"":"""",""Independent_31"":""""}"
null,null,null,null,null,null,null,null,null,null,null,"{""_c11"":"""",""_c18"":"""",""_c10"":"""","" Time dependent _20"":"""",""_c0"":"""","" Time dependent _16"":"""",""_c4"":"""",""_c1"":"""","" Time dependent _23"":"""",""Independent_30"":"""",""_c12"":"""",""Independent_38"":"""",""Independent_36"":"""",""_c29"":"""",""_c21"":"""",""_c13"":"""",""Independent_37"":"""",""_c3"":"""",""Independent_39"":"""",""_c5"":"""",""Independent_32"":"""","" Time dependent _19"":"""",""_c9"":"""",""_c28"":"""",""_c22"":"""",""_c14"":"""",""_c8"":"""",""_c25"":"""",""_c17"":"""",""Independent_40"":"""",""_c42"":"""",""Independent_34"":"""",""_file_path"":""s3://myfirstbucket-tamuda/Construction%20Projects%201/Construction%20Projects%20Dataset%202.csv"",""_c7"":"""",""Independent_33"":"""",""_c26"":"""",""_c2"":"""",""_c41"":"""",""Independent_35"":"""",""_c6"":"""",""Independent_31"":""""}"
null,null,null,null,null,null,null,null,null,null,null,"{""_c11"":""1"",""_c18"":"" 0.02 "",""_c10"":""20"","" Time dependent _20"":"" 1.00 "",""_c0"":""I"","" Time dependent _16"":"" 0.03 "",""_c4"":""10"",""_c1"":"" 7,289 "","" Time dependent _23"":"" 0.00 "",""Independent_30"":"" 1.00 "",""_c12"":""Project-N-1"",""Independent_38"":""1.31"",""Independent_36"":""10"",""_c29"":"" 1.00 "",""_c21"":"" 0.00 "",""_c13"":"" 0.08 "",""Independent_37"":"" 190,844,707 "",""_c3"":""8"",""Independent_39"":""102"",""_c5"":""1"",""Independent_32"":""0"","" Time dependent _19"":"" 0.02 "",""_c9"":"" 190,844,707 "",""_c28"":"" 1.00 "",""_c22"":"" 0.00 "",""_c14"":"" 0.08 "",""_c8"":""457"",""_c25"":"" 0.67 "",""_c17"":"" 0.02 "",""Independent_40"":""73.17"",""_c42"":""0.86885089489"",""Independent_34"":""0.999167360532889"",""_file_path"":""s3://myfirstbucket-tamuda/Construction%20Projects%201/Construction%20Projects%20Dataset%202.csv"",""_c7"":""2006-09-15"",""Independent_33"":""1"",""_c26"":"" 0.67 "",""_c2"":""2"",""_c41"":""1.08239700374532"",""Independent_35"":"" 7,289 "",""_c6"":""2005-06-15"",""Independent_31"":""0""}"
null,null,null,null,null,null,null,null,null,null,null,"{""_c11"":""2"",""_c18"":"" 0.10 "",""_c10"":"""","" Time dependent _20"":"" 1.00 "",""_c0"":"""","" Time dependent _16"":"" 0.10 "",""_c4"":"""",""_c1"":"""","" Time dependent _23"":"" 0.01 "",""Independent_30"":"" 1.00 "",""_c12"":""Project-N-2"",""Independent_38"":""1.34"",""Independent_36"":""10"",""_c29"":"" 1.00 "",""_c21"":"" 0.01 "",""_c13"":"" 0.14 "",""Independent_37"":"" 190,844,707 "",""_c3"":"""",""Independent_39"":""102"",""_c5"":"""",""Independent_32"":""0"","" Time dependent _19"":"" 0.10 "",""_c9"":"""",""_c28"":"" 1.00 "",""_c22"":"" 0.01 "",""_c14"":"" 0.14 "",""_c8"":"""",""_c25"":"" 0.96 "",""_c17"":"" 0.10 "",""Independent_40"":""73.55"",""_c42"":""0.8668477352196"",""Independent_34"":""1.00283097418818"",""_file_path"":""s3://myfirstbucket-tamuda/Construction%20Projects%201/Construction%20Projects%20Dataset%202.csv"",""_c7"":"""",""Independent_33"":""1"",""_c26"":"" 0.96 "",""_c2"":"""",""_c41"":""1.02434456928839"",""Independent_35"":"" 7,289 "",""_c6"":"""",""Independent_31"":""0""}"
null,null,null,null,null,null,null,null,null,null,null,"{""_c11"":""3"",""_c18"":"" 0.14 "",""_c10"":"""","" Time dependent _20"":"" 1.00 "",""_c0"":"""","" Time dependent _16"":"" 0.16 "",""_c4"":"""",""_c1"":"""","" Time dependent _23"":"" 0.03 "",""Independent_30"":"" 1.00 "",""_c12"":""Project-N-3"",""Independent_38"":""-0.32"",""Independent_36"":""10"",""_c29"":"" 1.00 "",""_c21"":"" 0.03 "",""_c13"":"" 0.20 "",""Independent_37"":"" 190,844,707 "",""_c3"":"""",""Independent_39"":""102"",""_c5"":"""",""Independent_32"":""0.62"","" Time dependent _19"":"" 0.14 "",""_c9"":"""",""_c28"":"" 1.00 "",""_c22"":"" 0.03 "",""_c14"":"" 0.20 "",""_c8"":"""",""_c25"":"" 0.93 "",""_c17"":"" 0.14 "",""Independent_40"":""74.34"",""_c42"":""0.865426009788"",""Independent_34"":""1.0104912572856"",""_file_path"":""s3://myfirstbucket-tamuda/Construction%20Projects%201/Construction%20Projects%20Dataset%202.csv"",""_c7"":"""",""Independent_33"":""1"",""_c26"":"" 0.93 "",""_c2"":"""",""_c41"":""0.966292134831461"",""Independent_35"":"" 7,289 "",""_c6"":"""",""Independent_31"":""1""}"
null,null,null,null,null,null,null,null,null,null,null,"{""_c11"":""4"",""_c18"":"" 0.25 "",""_c10"":"""","" Time dependent _20"":"" 1.00 "",""_c0"":"""","" Time dependent _16"":"" 0.26 "",""_c4"":"""",""_c1"":"""","" Time dependent _23"":"" 0.13 "",""Independent_30"":"" 1.98 "",""_c12"":""Project-N-4"",""Independent_38"":""0.0299999999999998"",""Independent_36"":""10"",""_c29"":"" 1.98 "",""_c21"":"" 0.13 "",""_c13"":"" 0.26 "",""Independent_37"":"" 190,844,707 "",""_c3"":"""",""Independent_39"":""102"",""_c5"":"""",""Independent_32"":""0.8"","" Time dependent _19"":"" 0.25 "",""_c9"":"""",""_c28"":"" 1.98 "",""_c22"":"" 0.13 "",""_c14"":"" 0.26 "",""_c8"":"""",""_c25"":"" 0.96 "",""_c17"":"" 0.25 "",""Independent_40"":""74.34"",""_c42"":""0.8089545764868"",""Independent_34"":""1.01165695253955"",""_file_path"":""s3://myfirstbucket-tamuda/Construction%20Projects%201/Construction%20Projects%20Dataset%202.csv"",""_c7"":"""",""Independent_33"":""1"",""_c26"":"" 0.96 "",""_c2"":"""",""_c41"":""0.910112359550562"",""Independent_35"":"" 7,289 "",""_c6"":"""",""Independent_31"":""1.58""}"
null,null,null,null,null,null,null,null,null,null,null,"{""_c11"":""5"",""_c18"":"" 0.28 "",""_c10"":"""","" Time dependent _20"":"" 1.00 "",""_c0"":"""","" Time dependent _16"":"" 0.28 "",""_c4"":"""",""_c1"":"""","" Time dependent _23"":"" 0.18 "",""Independent_30"":"" 1.60 "",""_c12"":""Project-N-5"",""Independent_38"":""0.38"",""Independent_36"":""10"",""_c29"":"" 1.60 "",""_c21"":"" 0.18 "",""_c13"":"" 0.31 "",""Independent_37"":"" 190,844,707 "",""_c3"":"""",""Independent_39"":""102"",""_c5"":"""",""Independent_32"":""0.85"","" Time dependent _19"":"" 0.28 "",""_c9"":"""",""_c28"":"" 1.60 "",""_c22"":"" 0.18 "",""_c14"":"" 0.31 "",""_c8"":"""",""_c25"":"" 0.99 "",""_c17"":"" 0.28 "",""Independent_40"":""73.98"",""_c42"":""0.8352769104036"",""Independent_34"":""1.00874271440466"",""_file_path"":""s3://myfirstbucket-tamuda/Construction%20Projects%201/Construction%20Projects%20Dataset%202.csv"",""_c7"":"""",""Independent_33"":""1"",""_c26"":"" 0.99 "",""_c2"":"""",""_c41"":""0.852059925093633"",""Independent_35"":"" 7,289 "",""_c6"":"""",""Independent_31"":""1.35""}"
null,null,null,null,null,null,null,null,null,null,null,"{""_c11"":""6"",""_c18"":"" 0.34 "",""_c10"":"""","" Time dependent _20"":"" 1.00 "",""_c0"":"""","" Time dependent _16"":"" 0.34 "",""_c4"":"""",""_c1"":"""","" Time dependent _23"":"" 0.24 "",""Independent_30"":"" 1.39 "",""_c12"":""Project-N-6"",""Independent_38"":""0.78"",""Independent_36"":""10"",""_c29"":"" 1.39 "",""_c21"":"" 0.24 "",""_c13"":"" 0.37 "",""Independent_37"":"" 190,844,707 "",""_c3"":"""",""Independent_39"":""102"",""_c5"":"""",""Independent_32"":""0.83"","" Time dependent _19"":"" 0.34 "",""_c9"":"""",""_c28"":"" 1.39 "",""_c22"":"" 0.24 "",""_c14"":"" 0.37 "",""_c8"":"""",""_c25"":"" 0.98 "",""_c17"":"" 0.34 "",""Independent_40"":""73.97"",""_c42"":""0.8599869780148"",""Independent_34"":""1.00907577019151"",""_file_path"":""s3://myfirstbucket-tamuda/Construction%20Projects%201/Construction%20Projects%20Dataset%202.csv"",""_c7"":"""",""Independent_33"":""1"",""_c26"":"" 0.98 "",""_c2"":"""",""_c41"":""0.795880149812734"",""Independent_35"":"" 7,289 "",""_c6"":"""",""Independent_31"":""1.16""}"
null,null,null,null,null,null,null,null,null,null,null,"{""_c11"":""7"",""_c18"":"" 0.39 "",""_c10"":"""","" Time dependent _20"":"" 1.00 "",""_c0"":"""","" Time dependent _16"":"" 0.40 "",""_c4"":"""",""_c1"":"""","" Time dependent _23"":"" 0.29 "",""Independent_30"":"" 1.35 "",""_c12"":""Project-N-7"",""Independent_38"":""-0.51"",""Independent_36"":""10"",""_c29"":"" 1.35 "",""_c21"":"" 0.29 "",""_c13"":"" 0.43 "",""Independent_37"":"" 190,844,707 "",""_c3"":"""",""Independent_39"":""101.91"",""_c5"":"""",""Independent_32"":""0.88"","" Time dependent _19"":"" 0.39 "",""_c9"":"""",""_c28"":"" 1.35 "",""_c22"":"" 0.29 "",""_c14"":"" 0.43 "",""_c8"":"""",""_c25"":"" 0.99 "",""_c17"":"" 0.39 "",""Independent_40"":""74.37"",""_c42"":""0.8470243910252"",""Independent_34"":""1.01315570358035"",""_file_path"":""s3://myfirstbucket-tamuda/Construction%20Projects%201/Construction%20Projects%20Dataset%202.csv"",""_c7"":"""",""Independent_33"":""1"",""_c26"":"" 0.99 "",""_c2"":"""",""_c41"":""0.737827715355805"",""Independent_35"":"" 7,289 "",""_c6"":"""",""Independent_31"":""1.19""}"
null,null,null,null,null,null,null,null,null,null,null,"{""_c11"":""8"",""_c18"":"" 0.44 "",""_c10"":"""","" Time dependent _20"":"" 1.00 "",""_c0"":"""","" Time dependent _16"":"" 0.44 "",""_c4"":"""",""_c1"":"""","" Time dependent _23"":"" 0.37 "",""Independent_30"":"" 1.19 "",""_c12"":""Project-N-8"",""Independent_38"":""-1.61"",""Independent_36"":""10"",""_c29"":"" 1.19 "",""_c21"":"" 0.37 "",""_c13"":"" 0.48 "",""Independent_37"":"" 190,844,707 "",""_c3"":"""",""Independent_39"":""101.91"",""_c5"":"""",""Independent_32"":""0.92"","" Time dependent _19"":"" 0.44 "",""_c9"":"""",""_c28"":"" 1.19 "",""_c22"":"" 0.37 "",""_c14"":"" 0.48 "",""_c8"":"""",""_c25"":"" 0.99 "",""_c17"":"" 0.44 "",""Independent_40"":""74.88"",""_c42"":""0.9132467483036"",""Independent_34"":""1.01823480432973"",""_file_path"":""s3://myfirstbucket-tamuda/Construction%20Projects%201/Construction%20Projects%20Dataset%202.csv"",""_c7"":"""",""Independent_33"":""1"",""_c26"":"" 0.99 "",""_c2"":"""",""_c41"":""0.683520599250936"",""Independent_35"":"" 7,289 "",""_c6"":"""",""Independent_31"":""1.09""}"
null,null,null,null,null,null,null,null,null,null,null,"{""_c11"":""9"",""_c18"":"" 0.49 "",""_c10"":"""","" Time dependent _20"":"" 1.00 "",""_c0"":"""","" Time dependent _16"":"" 0.49 "",""_c4"":"""",""_c1"":"""","" Time dependent _23"":"" 0.43 "",""Independent_30"":"" 1.14 "",""_c12"":""Project-N-9"",""Independent_38"":""0.89"",""Independent_36"":""10"",""_c29"":"" 1.14 "",""_c21"":"" 0.43 "",""_c13"":"" 0.54 "",""Independent_37"":"" 190,844,707 "",""_c3"":"""",""Independent_39"":""101.91"",""_c5"":"""",""Independent_32"":""0.96"","" Time dependent _19"":"" 0.49 "",""_c9"":"""",""_c28"":"" 1.14 "",""_c22"":"" 0.43 "",""_c14"":"" 0.54 "",""_c8"":"""",""_c25"":"" 0.99 "",""_c17"":"" 0.49 "",""Independent_40"":""75.99"",""_c42"":""0.9400772561172"",""Independent_34"":""1.02972522897585"",""_file_path"":""s3://myfirstbucket-tamuda/Construction%20Projects%201/Construction%20Projects%20Dataset%202.csv"",""_c7"":"""",""Independent_33"":""1"",""_c26"":"" 0.99 "",""_c2"":"""",""_c41"":""0.627340823970037"",""Independent_35"":"" 7,289 "",""_c6"":"""",""Independent_31"":""1.09""}"
null,null,null,null,null,null,null,null,null,null,null,"{""_c11"":""10"",""_c18"":"" 0.55 "",""_c10"":"""","" Time dependent _20"":"" 1.00 "",""_c0"":"""","" Time dependent _16"":"" 0.57 "",""_c4"":"""",""_c1"":"""","" Time dependent _23"":"" 0.47 "",""Independent_30"":"" 1.19 "",""_c12"":""Project-N-10"",""Independent_38"":""-0.77"",""Independent_36"":""10"",""_c29"":"" 1.19 "",""_c21"":"" 0.47 "",""_c13"":"" 0.60 "",""Independent_37"":"" 190,844,707 "",""_c3"":"""",""Independent_39"":""102.6"",""_c5"":"""",""Independent_32"":""0.92"","" Time dependent _19"":"" 0.55 "",""_c9"":"""",""_c28"":"" 1.19 "",""_c22"":"" 0.47 "",""_c14"":"" 0.60 "",""_c8"":"""",""_c25"":"" 0.98 "",""_c17"":"" 0.55 "",""Independent_40"":""78.02"",""_c42"":""0.9212562442052"",""Independent_34"":""1.04937552039967"",""_file_path"":""s3://myfirstbucket-tamuda/Construction%20Projects%201/Construction%20Projects%20Dataset%202.csv"",""_c7"":"""",""Independent_33"":""1"",""_c26"":"" 0.98 "",""_c2"":"""",""_c41"":""0.569288389513109"",""Independent_35"":"" 7,289 "",""_c6"":"""",""Independent_31"":""1.1""}"
null,null,null,null,null,null,null,null,null,null,null,"{""_c11"":""11"",""_c18"":"" 0.60 "",""_c10"":"""","" Time dependent _20"":"" 1.03 "",""_c0"":"""","" Time dependent _16"":"" 0.62 "",""_c4"":"""",""_c1"":"""","" Time dependent _23"":"" 0.51 "",""Independent_30"":"" 1.19 "",""_c12"":""Project-N-11"",""Independent_38"":""0.97"",""Independent_36"":""10"",""_c29"":"" 1.19 "",""_c21"":"" 0.52 "",""_c13"":"" 0.65 "",""Independent_37"":"" 190,844,707 "",""_c3"":"""",""Independent_39"":""102.6"",""_c5"":"""",""Independent_32"":""0.9"","" Time dependent _19"":"" 0.61 "",""_c9"":"""",""_c28"":"" 1.19 "",""_c22"":"" 0.51 "",""_c14"":"" 0.65 "",""_c8"":"""",""_c25"":"" 0.96 "",""_c17"":"" 0.61 "",""Independent_40"":""81.26"",""_c42"":""0.9554422944948"",""Independent_34"":""1.08134887593672"",""_file_path"":""s3://myfirstbucket-tamuda/Construction%20Projects%201/Construction%20Projects%20Dataset%202.csv"",""_c7"":"""",""Independent_33"":""1.03"",""_c26"":"" 0.96 "",""_c2"":"""",""_c41"":""0.51310861423221"",""Independent_35"":"" 7,289 "",""_c6"":"""",""Independent_31"":""1.06""}"
null,null,null,null,null,null,null,null,null,null,null,"{""_c11"":""12"",""_c18"":"" 0.65 "",""_c10"":"""","" Time dependent _20"":"" 1.03 "",""_c0"":"""","" Time dependent _16"":"" 0.67 "",""_c4"":"""",""_c1"":"""","" Time dependent _23"":"" 0.56 "",""Independent_30"":"" 1.17 "",""_c12"":""Project-N-12"",""Independent_38"":""-0.2"",""Independent_36"":""10"",""_c29"":"" 1.17 "",""_c21"":"" 0.57 "",""_c13"":"" 0.71 "",""Independent_37"":"" 190,844,707 "",""_c3"":"""",""Independent_39"":""102.6"",""_c5"":"""",""Independent_32"":""0.9"","" Time dependent _19"":"" 0.65 "",""_c9"":"""",""_c28"":"" 1.17 "",""_c22"":"" 0.55 "",""_c14"":"" 0.71 "",""_c8"":"""",""_c25"":"" 0.96 "",""_c17"":"" 0.66 "",""Independent_40"":""82.11"",""_c42"":""0.9546792867004"",""Independent_34"":""1.09050791007494"",""_file_path"":""s3://myfirstbucket-tamuda/Construction%20Projects%201/Construction%20Projects%20Dataset%202.csv"",""_c7"":"""",""Independent_33"":""1.03"",""_c26"":"" 0.96 "",""_c2"":"""",""_c41"":""0.455056179775281"",""Independent_35"":"" 7,289 "",""_c6"":"""",""Independent_31"":""1.05""}"
null,null,null,null,null,null,null,null,null,null,null,"{""_c11"":""13"",""_c18"":"" 0.68 "",""_c10"":"""","" Time dependent _20"":"" 1.03 "",""_c0"":"""","" Time dependent _16"":"" 0.72 "",""_c4"":"""",""_c1"":"""","" Time dependent _23"":"" 0.61 "",""Independent_30"":"" 1.13 "",""_c12"":""Project-N-13"",""Independent_38"":""1.42"",""Independent_36"":""10"",""_c29"":"" 1.13 "",""_c21"":"" 0.62 "",""_c13"":"" 0.77 "",""Independent_37"":"" 190,844,707 "",""_c3"":"""",""Independent_39"":""110.71"",""_c5"":"""",""Independent_32"":""0.85"","" Time dependent _19"":"" 0.69 "",""_c9"":"""",""_c28"":"" 1.13 "",""_c22"":"" 0.60 "",""_c14"":"" 0.77 "",""_c8"":"""",""_c25"":"" 0.95 "",""_c17"":"" 0.70 "",""Independent_40"":""82.47"",""_c42"":""0.9639317713048"",""Independent_34"":""1.09442131557036"",""_file_path"":""s3://myfirstbucket-tamuda/Construction%20Projects%201/Construction%20Projects%20Dataset%202.csv"",""_c7"":"""",""Independent_33"":""1.03"",""_c26"":"" 0.95 "",""_c2"":"""",""_c41"":""0.398876404494382"",""Independent_35"":"" 7,289 "",""_c6"":"""",""Independent_31"":""0.96""}"
null,null,null,null,null,null,null,null,null,null,null,"{""_c11"":""14"",""_c18"":"" 0.71 "",""_c10"":"""","" Time dependent _20"":"" 1.03 "",""_c0"":"""","" Time dependent _16"":"" 0.75 "",""_c4"":"""",""_c1"":"""","" Time dependent _23"":"" 0.65 "",""Independent_30"":"" 1.11 "",""_c12"":""Project-N-14"",""Independent_38"":""2.34"",""Independent_36"":""10"",""_c29"":"" 1.11 "",""_c21"":"" 0.66 "",""_c13"":"" 0.83 "",""Independent_37"":"" 190,844,707 "",""_c3"":"""",""Independent_39"":""110.71"",""_c5"":"""",""Independent_32"":""0.91"","" Time dependent _19"":"" 0.72 "",""_c9"":"""",""_c28"":"" 1.11 "",""_c22"":"" 0.64 "",""_c14"":"" 0.83 "",""_c8"":"""",""_c25"":"" 0.94 "",""_c17"":"" 0.73 "",""Independent_40"":""82.37"",""_c42"":""0.9627435127444"",""Independent_34"":""1.09425478767694"",""_file_path"":""s3://myfirstbucket-tamuda/Construction%20Projects%201/Construction%20Projects%20Dataset%202.csv"",""_c7"":"""",""Independent_33"":""1.03"",""_c26"":"" 0.94 "",""_c2"":"""",""_c41"":""0.340823970037453"",""Independent_35"":"" 7,289 "",""_c6"":"""",""Independent_31"":""1.01""}"
null,null,null,null,null,null,null,null,null,null,null,"{""_c11"":""15"",""_c18"":"" 0.73 "",""_c10"":"""","" Time dependent _20"":"" 1.03 "",""_c0"":"""","" Time dependent _16"":"" 0.78 "",""_c4"":"""",""_c1"":"""","" Time dependent _23"":"" 0.71 "",""Independent_30"":"" 1.05 "",""_c12"":""Project-N-15"",""Independent_38"":""0.69"",""Independent_36"":""10"",""_c29"":"" 1.05 "",""_c21"":"" 0.72 "",""_c13"":"" 0.88 "",""Independent_37"":"" 190,844,707 "",""_c3"":"""",""Independent_39"":""110.71"",""_c5"":"""",""Independent_32"":""0.94"","" Time dependent _19"":"" 0.74 "",""_c9"":"""",""_c28"":"" 1.05 "",""_c22"":"" 0.70 "",""_c14"":"" 0.88 "",""_c8"":"""",""_c25"":"" 0.94 "",""_c17"":"" 0.75 "",""Independent_40"":""82.83"",""_c42"":""0.9818751137124"",""Independent_34"":""1.09883430474604"",""_file_path"":""s3://myfirstbucket-tamuda/Construction%20Projects%201/Construction%20Projects%20Dataset%202.csv"",""_c7"":"""",""Independent_33"":""1.03"",""_c26"":"" 0.94 "",""_c2"":"""",""_c41"":""0.282771535580524"",""Independent_35"":"" 7,289 "",""_c6"":"""",""Independent_31"":""0.99""}"
null,null,null,null,null,null,null,null,null,null,null,"{""_c11"":""16"",""_c18"":"" 0.90 "",""_c10"":"""","" Time dependent _20"":"" 0.91 "",""_c0"":"""","" Time dependent _16"":"" 0.94 "",""_c4"":"""",""_c1"":"""","" Time dependent _23"":"" 0.79 "",""Independent_30"":"" 1.08 "",""_c12"":""Project-N-16"",""Independent_38"":""0.75"",""Independent_36"":""10"",""_c29"":"" 1.08 "",""_c21"":"" 0.75 "",""_c13"":"" 0.94 "",""Independent_37"":"" 190,844,707 "",""_c3"":"""",""Independent_39"":""85.05"",""_c5"":"""",""Independent_32"":""0.93"","" Time dependent _19"":"" 0.86 "",""_c9"":"""",""_c28"":"" 1.08 "",""_c22"":"" 0.83 "",""_c14"":"" 0.94 "",""_c8"":"""",""_c25"":"" 0.96 "",""_c17"":"" 0.81 "",""Independent_40"":""83.57"",""_c42"":""0.895309478854"",""Independent_34"":""1.11140716069942"",""_file_path"":""s3://myfirstbucket-tamuda/Construction%20Projects%201/Construction%20Projects%20Dataset%202.csv"",""_c7"":"""",""Independent_33"":""0.91"",""_c26"":"" 0.96 "",""_c2"":"""",""_c41"":""0.226591760299625"",""Independent_35"":"" 7,289 "",""_c6"":"""",""Independent_31"":""1""}"
null,null,null,null,null,null,null,null,null,null,null,"{""_c11"":""17"",""_c18"":"" 0.94 "",""_c10"":"""","" Time dependent _20"":"" 0.91 "",""_c0"":"""","" Time dependent _16"":"" 0.98 "",""_c4"":"""",""_c1"":"""","" Time dependent _23"":"" 0.82 "",""Independent_30"":"" 1.09 "",""_c12"":""Project-N-17"",""Independent_38"":""-0.21"",""Independent_36"":""10"",""_c29"":"" 1.09 "",""_c21"":"" 0.78 "",""_c13"":"" 1.00 "",""Independent_37"":"" 190,844,707 "",""_c3"":"""",""Independent_39"":""85.05"",""_c5"":"""",""Independent_32"":""0.89"","" Time dependent _19"":"" 0.89 "",""_c9"":"""",""_c28"":"" 1.09 "",""_c22"":"" 0.86 "",""_c14"":"" 1.00 "",""_c8"":"""",""_c25"":"" 0.96 "",""_c17"":"" 0.85 "",""Independent_40"":""84"",""_c42"":""0.881206218052"",""Independent_34"":""1.11223980016653"",""_file_path"":""s3://myfirstbucket-tamuda/Construction%20Projects%201/Construction%20Projects%20Dataset%202.csv"",""_c7"":"""",""Independent_33"":""0.91"",""_c26"":"" 0.96 "",""_c2"":"""",""_c41"":""0.168539325842697"",""Independent_35"":"" 7,289 "",""_c6"":"""",""Independent_31"":""0.96""}"
null,null,null,null,null,null,null,null,null,null,null,"{""_c11"":""18"",""_c18"":"" 0.97 "",""_c10"":"""","" Time dependent _20"":"" 0.92 "",""_c0"":"""","" Time dependent _16"":"" 1.00 "",""_c4"":"""",""_c1"":"""","" Time dependent _23"":"" 0.85 "",""Independent_30"":"" 1.10 "",""_c12"":""Project-N-18"",""Independent_38"":""0.67"",""Independent_36"":""10"",""_c29"":"" 1.10 "",""_c21"":"" 0.81 "",""_c13"":"" 1.05 "",""Independent_37"":"" 190,844,707 "",""_c3"":"""",""Independent_39"":""85.05"",""_c5"":"""",""Independent_32"":""0.85"","" Time dependent _19"":"" 0.93 "",""_c9"":"""",""_c28"":"" 1.10 "",""_c22"":"" 0.88 "",""_c14"":"" 1.05 "",""_c8"":"""",""_c25"":"" 0.97 "",""_c17"":"" 0.89 "",""Independent_40"":""84.15"",""_c42"":""0.8626949291312"",""Independent_34"":""1.11665278934221"",""_file_path"":""s3://myfirstbucket-tamuda/Construction%20Projects%201/Construction%20Projects%20Dataset%202.csv"",""_c7"":"""",""Independent_33"":""0.92"",""_c26"":"" 0.97 "",""_c2"":"""",""_c41"":""0.112359550561798"",""Independent_35"":"" 7,289 "",""_c6"":"""",""Independent_31"":""0.93""}"
null,null,null,null,null,null,null,null,null,null,null,"{""_c11"":""19"",""_c18"":"" 0.99 "",""_c10"":"""","" Time dependent _20"":"" 0.92 "",""_c0"":"""","" Time dependent _16"":"" 1.00 "",""_c4"":"""",""_c1"":"""","" Time dependent _23"":"" 0.87 "",""Independent_30"":"" 1.08 "",""_c12"":""Project-N-19"",""Independent_38"":""-0.29"",""Independent_36"":""10"",""_c29"":"" 1.08 "",""_c21"":"" 0.84 "",""_c13"":"" 1.11 "",""Independent_37"":"" 190,844,707 "",""_c3"":"""",""Independent_39"":""101.71"",""_c5"":"""",""Independent_32"":""0.9"","" Time dependent _19"":"" 0.95 "",""_c9"":"""",""_c28"":"" 1.08 "",""_c22"":"" 0.91 "",""_c14"":"" 1.11 "",""_c8"":"""",""_c25"":"" 0.99 "",""_c17"":"" 0.91 "",""Independent_40"":""84.6"",""_c42"":""0.8523703259486"",""Independent_34"":""1.11665278934221"",""_file_path"":""s3://myfirstbucket-tamuda/Construction%20Projects%201/Construction%20Projects%20Dataset%202.csv"",""_c7"":"""",""Independent_33"":""0.92"",""_c26"":"" 0.99 "",""_c2"":"""",""_c41"":""0.0543071161048689"",""Independent_35"":"" 7,289 "",""_c6"":"""",""Independent_31"":""0.97""}"
null,null,null,null,null,null,null,null,null,null,null,"{""_c11"":""20"",""_c18"":"" 1.00 "",""_c10"":"""","" Time dependent _20"":"" 0.90 "",""_c0"":"""","" Time dependent _16"":"" 1.00 "",""_c4"":"""",""_c1"":"""","" Time dependent _23"":"" 0.89 "",""Independent_30"":"" 1.07 "",""_c12"":""Project-N-20"",""Independent_38"":""-1.58"",""Independent_36"":""10"",""_c29"":"" 1.07 "",""_c21"":"" 0.84 "",""_c13"":"" 1.17 "",""Independent_37"":"" 190,844,707 "",""_c3"":"""",""Independent_39"":""101.71"",""_c5"":"""",""Independent_32"":""1"","" Time dependent _19"":"" 0.95 "",""_c9"":"""",""_c28"":"" 1.07 "",""_c22"":"" 0.94 "",""_c14"":"" 1.17 "",""_c8"":"""",""_c25"":"" 1.00 "",""_c17"":"" 0.90 "",""Independent_40"":""85.79"",""_c42"":""0.84848003367776"",""Independent_34"":""1.12764363030808"",""_file_path"":""s3://myfirstbucket-tamuda/Construction%20Projects%201/Construction%20Projects%20Dataset%202.csv"",""_c7"":"""",""Independent_33"":""0.9"",""_c26"":"" 1.00 "",""_c2"":"""",""_c41"":""0"",""Independent_35"":"" 7,289 "",""_c6"":"""",""Independent_31"":""1.07""}"
null,null,null,null,null,null,null,null,null,null,null,"{""_c11"":"""",""_c18"":"""",""_c10"":"""","" Time dependent _20"":"""",""_c0"":"""","" Time dependent _16"":"""",""_c4"":"""",""_c1"":"""","" Time dependent _23"":"""",""Independent_30"":"""",""_c12"":"""",""Independent_38"":"""",""Independent_36"":"""",""_c29"":"""",""_c21"":"""",""_c13"":"""",""Independent_37"":"""",""_c3"":"""",""Independent_39"":"""",""_c5"":"""",""Independent_32"":"""","" Time dependent _19"":"""",""_c9"":"""",""_c28"":"""",""_c22"":"""",""_c14"":"""",""_c8"":"""",""_c25"":"""",""_c17"":"""",""Independent_40"":"""",""_c42"":"""",""Independent_34"":"""",""_file_path"":""s3://myfirstbucket-tamuda/Construction%20Projects%201/Construction%20Projects%20Dataset%202.csv"",""_c7"":"""",""Independent_33"":"""",""_c26"":"""",""_c2"":"""",""_c41"":"""",""Independent_35"":"""",""_c6"":"""",""Independent_31"":""""}"
null,null,null,null,null,null,null,null,null,null,null,"{""_c11"":"""",""_c18"":"""",""_c10"":"""","" Time dependent _20"":"""",""_c0"":"""","" Time dependent _16"":"""",""_c4"":"""",""_c1"":"""","" Time dependent _23"":"""",""Independent_30"":"""",""_c12"":"""",""Independent_38"":"""",""Independent_36"":"""",""_c29"":"""",""_c21"":"""",""_c13"":"""",""Independent_37"":"""",""_c3"":"""",""Independent_39"":"""",""_c5"":"""",""Independent_32"":"""","" Time dependent _19"":"""",""_c9"":"""",""_c28"":"""",""_c22"":"""",""_c14"":"""",""_c8"":"""",""_c25"":"""",""_c17"":"""",""Independent_40"":"""",""_c42"":"""",""Independent_34"":"""",""_file_path"":""s3://myfirstbucket-tamuda/Construction%20Projects%201/Construction%20Projects%20Dataset%202.csv"",""_c7"":"""",""Independent_33"":"""",""_c26"":"""",""_c2"":"""",""_c41"":"""",""Independent_35"":"""",""_c6"":"""",""Independent_31"":""""}"
null,null,null,null,null,null,null,null,null,null,null,"{""_c11"":"""",""_c18"":"""",""_c10"":"""","" Time dependent _20"":"""",""_c0"":"""","" Time dependent _16"":"""",""_c4"":"""",""_c1"":"""","" Time dependent _23"":"""",""Independent_30"":"""",""_c12"":"""",""Independent_38"":"""",""Independent_36"":"""",""_c29"":"""",""_c21"":"""",""_c13"":"""",""Independent_37"":"""",""_c3"":"""",""Independent_39"":"""",""_c5"":"""",""Independent_32"":"""","" Time dependent _19"":"""",""_c9"":"""",""_c28"":"""",""_c22"":"""",""_c14"":"""",""_c8"":"""",""_c25"":"""",""_c17"":"""",""Independent_40"":"""",""_c42"":"""",""Independent_34"":"""",""_file_path"":""s3://myfirstbucket-tamuda/Construction%20Projects%201/Construction%20Projects%20Dataset%202.csv"",""_c7"":"""",""Independent_33"":"""",""_c26"":"""",""_c2"":"""",""_c41"":"""",""Independent_35"":"""",""_c6"":"""",""Independent_31"":""""}"
null,null,null,null,null,null,null,null,null,null,null,"{""_c11"":""1"",""_c18"":"" 0.19 "",""_c10"":""15"","" Time dependent _20"":"" 1.00 "",""_c0"":""J"","" Time dependent _16"":"" 0.12 "",""_c4"":""9"",""_c1"":"" 3,094 "","" Time dependent _23"":"" 0.09 "",""Independent_30"":"" 2.11 "",""_c12"":""Project-O-3"",""Independent_38"":""0.78"",""Independent_36"":""9"",""_c29"":"" 2.11 "",""_c21"":"" 0.09 "",""_c13"":"" 0.17 "",""Independent_37"":"" 102,500,000 "",""_c3"":""7"",""Independent_39"":""102"",""_c5"":""1"",""Independent_32"":""0.69"","" Time dependent _19"":"" 0.19 "",""_c9"":"" 102,500,000 "",""_c28"":"" 2.11 "",""_c22"":"" 0.09 "",""_c14"":"" 0.17 "",""_c8"":""515"",""_c25"":"" 1.62 "",""_c17"":"" 0.19 "",""Independent_40"":""73.97"",""_c42"":""0.837889396234"",""Independent_34"":""0.997448559670782"",""_file_path"":""s3://myfirstbucket-tamuda/Construction%20Projects%201/Construction%20Projects%20Dataset%202.csv"",""_c7"":""2007-02-28"",""Independent_33"":""1"",""_c26"":"" 1.62 "",""_c2"":""2"",""_c41"":""0.94368932038835"",""Independent_35"":"" 3,094 "",""_c6"":""2005-10-01"",""Independent_31"":""1.46""}"
null,null,null,null,null,null,null,null,null,null,null,"{""_c11"":""2"",""_c18"":"" 0.27 "",""_c10"":"""","" Time dependent _20"":"" 1.00 "",""_c0"":"""","" Time dependent _16"":"" 0.19 "",""_c4"":"""",""_c1"":"""","" Time dependent _23"":"" 0.18 "",""Independent_30"":"" 1.50 "",""_c12"":""Project-O-4"",""Independent_38"":""-0.51"",""Independent_36"":""9"",""_c29"":"" 1.50 "",""_c21"":"" 0.18 "",""_c13"":"" 0.24 "",""Independent_37"":"" 102,500,000 "",""_c3"":"""",""Independent_39"":""101.91"",""_c5"":"""",""Independent_32"":""0.79"","" Time dependent _19"":"" 0.27 "",""_c9"":"""",""_c28"":"" 1.50 "",""_c22"":"" 0.18 "",""_c14"":"" 0.23 "",""_c8"":"""",""_c25"":"" 1.39 "",""_c17"":"" 0.27 "",""Independent_40"":""74.37"",""_c42"":""0.8658638492116"",""Independent_34"":""1.00148148148148"",""_file_path"":""s3://myfirstbucket-tamuda/Construction%20Projects%201/Construction%20Projects%20Dataset%202.csv"",""_c7"":"""",""Independent_33"":""1"",""_c26"":"" 1.39 "",""_c2"":"""",""_c41"":""0.883495145631068"",""Independent_35"":"" 3,094 "",""_c6"":"""",""Independent_31"":""1.19""}"
null,null,null,null,null,null,null,null,null,null,null,"{""_c11"":""3"",""_c18"":"" 0.30 "",""_c10"":"""","" Time dependent _20"":"" 1.00 "",""_c0"":"""","" Time dependent _16"":"" 0.22 "",""_c4"":"""",""_c1"":"""","" Time dependent _23"":"" 0.22 "",""Independent_30"":"" 1.34 "",""_c12"":""Project-O-5"",""Independent_38"":""-1.61"",""Independent_36"":""9"",""_c29"":"" 1.34 "",""_c21"":"" 0.22 "",""_c13"":"" 0.29 "",""Independent_37"":"" 102,500,000 "",""_c3"":"""",""Independent_39"":""101.91"",""_c5"":"""",""Independent_32"":""0.96"","" Time dependent _19"":"" 0.30 "",""_c9"":"""",""_c28"":"" 1.34 "",""_c22"":"" 0.22 "",""_c14"":"" 0.29 "",""_c8"":"""",""_c25"":"" 1.35 "",""_c17"":"" 0.30 "",""Independent_40"":""74.88"",""_c42"":""0.869506463888"",""Independent_34"":""1.00650205761317"",""_file_path"":""s3://myfirstbucket-tamuda/Construction%20Projects%201/Construction%20Projects%20Dataset%202.csv"",""_c7"":"""",""Independent_33"":""1"",""_c26"":"" 1.35 "",""_c2"":"""",""_c41"":""0.827184466019418"",""Independent_35"":"" 3,094 "",""_c6"":"""",""Independent_31"":""1.29""}"
null,null,null,null,null,null,null,null,null,null,null,"{""_c11"":""4"",""_c18"":"" 0.35 "",""_c10"":"""","" Time dependent _20"":"" 1.00 "",""_c0"":"""","" Time dependent _16"":"" 0.26 "",""_c4"":"""",""_c1"":"""","" Time dependent _23"":"" 0.26 "",""Independent_30"":"" 1.32 "",""_c12"":""Project-O-6"",""Independent_38"":""0.89"",""Independent_36"":""9"",""_c29"":"" 1.32 "",""_c21"":"" 0.26 "",""_c13"":"" 0.35 "",""Independent_37"":"" 102,500,000 "",""_c3"":"""",""Independent_39"":""101.91"",""_c5"":"""",""Independent_32"":""1.01"","" Time dependent _19"":"" 0.35 "",""_c9"":"""",""_c28"":"" 1.32 "",""_c22"":"" 0.26 "",""_c14"":"" 0.35 "",""_c8"":"""",""_c25"":"" 1.33 "",""_c17"":"" 0.35 "",""Independent_40"":""75.99"",""_c42"":""0.8550450739284"",""Independent_34"":""1.01786008230453"",""_file_path"":""s3://myfirstbucket-tamuda/Construction%20Projects%201/Construction%20Projects%20Dataset%202.csv"",""_c7"":"""",""Independent_33"":""1"",""_c26"":"" 1.33 "",""_c2"":"""",""_c41"":""0.768932038834951"",""Independent_35"":"" 3,094 "",""_c6"":"""",""Independent_31"":""1.33""}"
null,null,null,null,null,null,null,null,null,null,null,"{""_c11"":""5"",""_c18"":"" 0.39 "",""_c10"":"""","" Time dependent _20"":"" 1.00 "",""_c0"":"""","" Time dependent _16"":"" 0.30 "",""_c4"":"""",""_c1"":"""","" Time dependent _23"":"" 0.23 "",""Independent_30"":"" 1.74 "",""_c12"":""Project-O-7"",""Independent_38"":""-0.77"",""Independent_36"":""9"",""_c29"":"" 1.74 "",""_c21"":"" 0.23 "",""_c13"":"" 0.41 "",""Independent_37"":"" 102,500,000 "",""_c3"":"""",""Independent_39"":""102.6"",""_c5"":"""",""Independent_32"":""0.99"","" Time dependent _19"":"" 0.39 "",""_c9"":"""",""_c28"":"" 1.74 "",""_c22"":"" 0.23 "",""_c14"":"" 0.41 "",""_c8"":"""",""_c25"":"" 1.33 "",""_c17"":"" 0.39 "",""Independent_40"":""78.02"",""_c42"":""0.757716516796"",""Independent_34"":""1.03728395061728"",""_file_path"":""s3://myfirstbucket-tamuda/Construction%20Projects%201/Construction%20Projects%20Dataset%202.csv"",""_c7"":"""",""Independent_33"":""1"",""_c26"":"" 1.33 "",""_c2"":"""",""_c41"":""0.70873786407767"",""Independent_35"":"" 3,094 "",""_c6"":"""",""Independent_31"":""1.73""}"
null,null,null,null,null,null,null,null,null,null,null,"{""_c11"":""6"",""_c18"":"" 0.44 "",""_c10"":"""","" Time dependent _20"":"" 1.00 "",""_c0"":"""","" Time dependent _16"":"" 0.35 "",""_c4"":"""",""_c1"":"""","" Time dependent _23"":"" 0.36 "",""Independent_30"":"" 1.22 "",""_c12"":""Project-O-8"",""Independent_38"":""0.97"",""Independent_36"":""9"",""_c29"":"" 1.22 "",""_c21"":"" 0.36 "",""_c13"":"" 0.47 "",""Independent_37"":"" 102,500,000 "",""_c3"":"""",""Independent_39"":""102.6"",""_c5"":"""",""Independent_32"":""0.97"","" Time dependent _19"":"" 0.44 "",""_c9"":"""",""_c28"":"" 1.22 "",""_c22"":"" 0.36 "",""_c14"":"" 0.47 "",""_c8"":"""",""_c25"":"" 1.26 "",""_c17"":"" 0.44 "",""Independent_40"":""81.26"",""_c42"":""0.8982515155"",""Independent_34"":""1.06888888888889"",""_file_path"":""s3://myfirstbucket-tamuda/Construction%20Projects%201/Construction%20Projects%20Dataset%202.csv"",""_c7"":"""",""Independent_33"":""1"",""_c26"":"" 1.26 "",""_c2"":"""",""_c41"":""0.650485436893204"",""Independent_35"":"" 3,094 "",""_c6"":"""",""Independent_31"":""1.18""}"
null,null,null,null,null,null,null,null,null,null,null,"{""_c11"":""7"",""_c18"":"" 0.49 "",""_c10"":"""","" Time dependent _20"":"" 1.00 "",""_c0"":"""","" Time dependent _16"":"" 0.40 "",""_c4"":"""",""_c1"":"""","" Time dependent _23"":"" 0.40 "",""Independent_30"":"" 1.23 "",""_c12"":""Project-O-9"",""Independent_38"":""-0.2"",""Independent_36"":""9"",""_c29"":"" 1.23 "",""_c21"":"" 0.40 "",""_c13"":"" 0.53 "",""Independent_37"":"" 102,500,000 "",""_c3"":"""",""Independent_39"":""102.6"",""_c5"":"""",""Independent_32"":""0.87"","" Time dependent _19"":"" 0.49 "",""_c9"":"""",""_c28"":"" 1.23 "",""_c22"":"" 0.40 "",""_c14"":"" 0.53 "",""_c8"":"""",""_c25"":"" 1.23 "",""_c17"":"" 0.49 "",""Independent_40"":""82.11"",""_c42"":""0.91861175582"",""Independent_34"":""1.07794238683128"",""_file_path"":""s3://myfirstbucket-tamuda/Construction%20Projects%201/Construction%20Projects%20Dataset%202.csv"",""_c7"":"""",""Independent_33"":""1"",""_c26"":"" 1.23 "",""_c2"":"""",""_c41"":""0.590291262135922"",""Independent_35"":"" 3,094 "",""_c6"":"""",""Independent_31"":""1.07""}"
null,null,null,null,null,null,null,null,null,null,null,"{""_c11"":""8"",""_c18"":"" 0.55 "",""_c10"":"""","" Time dependent _20"":"" 1.00 "",""_c0"":"""","" Time dependent _16"":"" 0.46 "",""_c4"":"""",""_c1"":"""","" Time dependent _23"":"" 0.45 "",""Independent_30"":"" 1.24 "",""_c12"":""Project-O-10"",""Independent_38"":""1.42"",""Independent_36"":""9"",""_c29"":"" 1.24 "",""_c21"":"" 0.45 "",""_c13"":"" 0.59 "",""Independent_37"":"" 102,500,000 "",""_c3"":"""",""Independent_39"":""110.71"",""_c5"":"""",""Independent_32"":""0.85"","" Time dependent _19"":"" 0.55 "",""_c9"":"""",""_c28"":"" 1.24 "",""_c22"":"" 0.45 "",""_c14"":"" 0.59 "",""_c8"":"""",""_c25"":"" 1.19 "",""_c17"":"" 0.55 "",""Independent_40"":""82.47"",""_c42"":""0.9119668888936"",""Independent_34"":""1.08181069958848"",""_file_path"":""s3://myfirstbucket-tamuda/Construction%20Projects%201/Construction%20Projects%20Dataset%202.csv"",""_c7"":"""",""Independent_33"":""1"",""_c26"":"" 1.19 "",""_c2"":"""",""_c41"":""0.532038834951456"",""Independent_35"":"" 3,094 "",""_c6"":"""",""Independent_31"":""1.05""}"
null,null,null,null,null,null,null,null,null,null,null,"{""_c11"":""9"",""_c18"":"" 0.59 "",""_c10"":"""","" Time dependent _20"":"" 1.00 "",""_c0"":"""","" Time dependent _16"":"" 0.55 "",""_c4"":"""",""_c1"":"""","" Time dependent _23"":"" 0.49 "",""Independent_30"":"" 1.21 "",""_c12"":""Project-O-11"",""Independent_38"":""2.34"",""Independent_36"":""9"",""_c29"":"" 1.21 "",""_c21"":"" 0.49 "",""_c13"":"" 0.65 "",""Independent_37"":"" 102,500,000 "",""_c3"":"""",""Independent_39"":""110.71"",""_c5"":"""",""Independent_32"":""0.85"","" Time dependent _19"":"" 0.59 "",""_c9"":"""",""_c28"":"" 1.21 "",""_c22"":"" 0.49 "",""_c14"":"" 0.65 "",""_c8"":"""",""_c25"":"" 1.08 "",""_c17"":"" 0.59 "",""Independent_40"":""82.37"",""_c42"":""0.9078760804924"",""Independent_34"":""1.08164609053498"",""_file_path"":""s3://myfirstbucket-tamuda/Construction%20Projects%201/Construction%20Projects%20Dataset%202.csv"",""_c7"":"""",""Independent_33"":""1"",""_c26"":"" 1.08 "",""_c2"":"""",""_c41"":""0.471844660194175"",""Independent_35"":"" 3,094 "",""_c6"":"""",""Independent_31"":""1.03""}"
null,null,null,null,null,null,null,null,null,null,null,"{""_c11"":""10"",""_c18"":"" 0.65 "",""_c10"":"""","" Time dependent _20"":"" 1.00 "",""_c0"":"""","" Time dependent _16"":"" 0.64 "",""_c4"":"""",""_c1"":"""","" Time dependent _23"":"" 0.52 "",""Independent_30"":"" 1.26 "",""_c12"":""Project-O-12"",""Independent_38"":""0.69"",""Independent_36"":""9"",""_c29"":"" 1.26 "",""_c21"":"" 0.52 "",""_c13"":"" 0.71 "",""Independent_37"":"" 102,500,000 "",""_c3"":"""",""Independent_39"":""110.71"",""_c5"":"""",""Independent_32"":""0.84"","" Time dependent _19"":"" 0.65 "",""_c9"":"""",""_c28"":"" 1.26 "",""_c22"":"" 0.52 "",""_c14"":"" 0.71 "",""_c8"":"""",""_c25"":"" 1.03 "",""_c17"":"" 0.65 "",""Independent_40"":""82.83"",""_c42"":""0.8782822320932"",""Independent_34"":""1.08617283950617"",""_file_path"":""s3://myfirstbucket-tamuda/Construction%20Projects%201/Construction%20Projects%20Dataset%202.csv"",""_c7"":"""",""Independent_33"":""1"",""_c26"":"" 1.03 "",""_c2"":"""",""_c41"":""0.411650485436893"",""Independent_35"":"" 3,094 "",""_c6"":"""",""Independent_31"":""1.06""}"
null,null,null,null,null,null,null,null,null,null,null,"{""_c11"":""11"",""_c18"":"" 0.74 "",""_c10"":"""","" Time dependent _20"":"" 1.00 "",""_c0"":"""","" Time dependent _16"":"" 0.71 "",""_c4"":"""",""_c1"":"""","" Time dependent _23"":"" 0.63 "",""Independent_30"":"" 1.18 "",""_c12"":""Project-O-13"",""Independent_38"":""0.75"",""Independent_36"":""9"",""_c29"":"" 1.18 "",""_c21"":"" 0.63 "",""_c13"":"" 0.77 "",""Independent_37"":"" 102,500,000 "",""_c3"":"""",""Independent_39"":""85.05"",""_c5"":"""",""Independent_32"":""0.94"","" Time dependent _19"":"" 0.74 "",""_c9"":"""",""_c28"":"" 1.18 "",""_c22"":"" 0.63 "",""_c14"":"" 0.77 "",""_c8"":"""",""_c25"":"" 1.05 "",""_c17"":"" 0.74 "",""Independent_40"":""83.57"",""_c42"":""0.9198504688732"",""Independent_34"":""1.09860082304527"",""_file_path"":""s3://myfirstbucket-tamuda/Construction%20Projects%201/Construction%20Projects%20Dataset%202.csv"",""_c7"":"""",""Independent_33"":""1"",""_c26"":"" 1.05 "",""_c2"":"""",""_c41"":""0.353398058252427"",""Independent_35"":"" 3,094 "",""_c6"":"""",""Independent_31"":""1.11""}"
null,null,null,null,null,null,null,null,null,null,null,"{""_c11"":""12"",""_c18"":"" 0.87 "",""_c10"":"""","" Time dependent _20"":"" 1.00 "",""_c0"":"""","" Time dependent _16"":"" 0.91 "",""_c4"":"""",""_c1"":"""","" Time dependent _23"":"" 0.73 "",""Independent_30"":"" 1.18 "",""_c12"":""Project-O-15"",""Independent_38"":""0.67"",""Independent_36"":""9"",""_c29"":"" 1.18 "",""_c21"":"" 0.73 "",""_c13"":"" 0.88 "",""Independent_37"":"" 102,500,000 "",""_c3"":"""",""Independent_39"":""85.05"",""_c5"":"""",""Independent_32"":""0.86"","" Time dependent _19"":"" 0.87 "",""_c9"":"""",""_c28"":"" 1.18 "",""_c22"":"" 0.73 "",""_c14"":"" 0.88 "",""_c8"":"""",""_c25"":"" 0.95 "",""_c17"":"" 0.87 "",""Independent_40"":""84.15"",""_c42"":""0.9188865277284"",""Independent_34"":""1.10378600823045"",""_file_path"":""s3://myfirstbucket-tamuda/Construction%20Projects%201/Construction%20Projects%20Dataset%202.csv"",""_c7"":"""",""Independent_33"":""1"",""_c26"":"" 0.95 "",""_c2"":"""",""_c41"":""0.23495145631068"",""Independent_35"":"" 3,094 "",""_c6"":"""",""Independent_31"":""1.02""}"
null,null,null,null,null,null,null,null,null,null,null,"{""_c11"":""13"",""_c18"":"" 0.98 "",""_c10"":"""","" Time dependent _20"":"" 1.00 "",""_c0"":"""","" Time dependent _16"":"" 0.98 "",""_c4"":"""",""_c1"":"""","" Time dependent _23"":"" 0.78 "",""Independent_30"":"" 1.26 "",""_c12"":""Project-O-17"",""Independent_38"":""-1.58"",""Independent_36"":""9"",""_c29"":"" 1.26 "",""_c21"":"" 0.78 "",""_c13"":"" 1.00 "",""Independent_37"":"" 102,500,000 "",""_c3"":"""",""Independent_39"":""101.71"",""_c5"":"""",""Independent_32"":""0.87"","" Time dependent _19"":"" 0.98 "",""_c9"":"""",""_c28"":"" 1.26 "",""_c22"":"" 0.78 "",""_c14"":"" 1.00 "",""_c8"":"""",""_c25"":"" 1.00 "",""_c17"":"" 0.98 "",""Independent_40"":""85.79"",""_c42"":""0.855911410262"",""Independent_34"":""1.11465020576132"",""_file_path"":""s3://myfirstbucket-tamuda/Construction%20Projects%201/Construction%20Projects%20Dataset%202.csv"",""_c7"":"""",""Independent_33"":""1"",""_c26"":"" 1.00 "",""_c2"":"""",""_c41"":""0.118446601941748"",""Independent_35"":"" 3,094 "",""_c6"":"""",""Independent_31"":""1.1""}"
null,null,null,null,null,null,null,null,null,null,null,"{""_c11"":""14"",""_c18"":"" 1.00 "",""_c10"":"""","" Time dependent _20"":"" 1.00 "",""_c0"":"""","" Time dependent _16"":"" 0.99 "",""_c4"":"""",""_c1"":"""","" Time dependent _23"":"" 0.84 "",""Independent_30"":"" 1.18 "",""_c12"":""Project-O-18"",""Independent_38"":""-0.44"",""Independent_36"":""9"",""_c29"":"" 1.18 "",""_c21"":"" 0.84 "",""_c13"":"" 1.06 "",""Independent_37"":"" 102,500,000 "",""_c3"":"""",""Independent_39"":""101.71"",""_c5"":"""",""Independent_32"":""0.92"","" Time dependent _19"":"" 1.00 "",""_c9"":"""",""_c28"":"" 1.18 "",""_c22"":"" 0.84 "",""_c14"":"" 1.06 "",""_c8"":"""",""_c25"":"" 1.00 "",""_c17"":"" 1.00 "",""Independent_40"":""87.88"",""_c42"":""0.8850653496616"",""Independent_34"":""1.13399176954733"",""_file_path"":""s3://myfirstbucket-tamuda/Construction%20Projects%201/Construction%20Projects%20Dataset%202.csv"",""_c7"":"""",""Independent_33"":""1"",""_c26"":"" 1.00 "",""_c2"":"""",""_c41"":""0.0601941747572816"",""Independent_35"":"" 3,094 "",""_c6"":"""",""Independent_31"":""1.08""}"
null,null,null,null,null,null,null,null,null,null,null,"{""_c11"":""15"",""_c18"":"" 1.00 "",""_c10"":"""","" Time dependent _20"":"" 0.96 "",""_c0"":"""","" Time dependent _16"":"" 1.00 "",""_c4"":"""",""_c1"":"""","" Time dependent _23"":"" 0.94 "",""Independent_30"":"" 1.04 "",""_c12"":""Project-O-19"",""Independent_38"":""0.18"",""Independent_36"":""9"",""_c29"":"" 1.04 "",""_c21"":"" 0.92 "",""_c13"":"" 1.12 "",""Independent_37"":"" 102,500,000 "",""_c3"":"""",""Independent_39"":""103.77"",""_c5"":"""",""Independent_32"":""1"","" Time dependent _19"":"" 0.98 "",""_c9"":"""",""_c28"":"" 1.04 "",""_c22"":"" 0.96 "",""_c14"":"" 1.12 "",""_c8"":"""",""_c25"":"" 1.00 "",""_c17"":"" 0.96 "",""Independent_40"":""89.73"",""_c42"":""0.91498257591764"",""Independent_34"":""1.13399176954733"",""_file_path"":""s3://myfirstbucket-tamuda/Construction%20Projects%201/Construction%20Projects%20Dataset%202.csv"",""_c7"":"""",""Independent_33"":""0.96"",""_c26"":"" 1.00 "",""_c2"":"""",""_c41"":""0"",""Independent_35"":"" 3,094 "",""_c6"":"""",""Independent_31"":""1.04""}"
TXN000051,2025-01-17T14:22:46.000Z,C6139,P001,wireless  mouse,Electronics,1,24.99,24.99,Orlando,Google Pay,null
TXN000052,2025-01-17T11:16:02.000Z,C8144,P002,USB-C CABLE,Electronics,4,12.5,50,Orlando,Google Pay,null
TXN000053,2025-01-15T14:04:42.000Z,C6409,P011, T-SHIRT ,Apparel,2,18,36,Dallas,Credit Card,null
TXN000054,2025-01-17T12:42:26.000Z,C6344,P012,running  shoes,Apparel,3,79.99,239.97,Dallas,Cash,null
TXN000055,2025-01-14T14:42:24.000Z,C3851,P009,pHONE cHARGER,Electronics,2,16.99,33.98,Raleigh,Google Pay,null
TXN000056,2025-01-15T12:13:27.000Z,C6279,P014,Protein Bar,Food,1,2.49,2.49,Raleigh,Apple Pay,null
TXN000057,2025-01-17T15:50:57.000Z,C3780,P011,t-shirt,Apparel,2,18,36,Nashville,Google Pay,null
TXN000058,2025-01-15T09:52:48.000Z,C4848,P011,t-sHIRT,Apparel,5,18,90,Atlanta,Debit Card,null
TXN000059,2025-01-13T11:30:39.000Z,C2193,P003,Mechanical Keyboard,Electronics,1,89.99,89.99,Raleigh,Google Pay,null
TXN000060,2025-01-16T14:15:09.000Z,C1090,P004,notebook,Office Supplies,4,6.75,27,Raleigh,Debit Card,null
TXN000061,2025-01-16T08:35:15.000Z,C2988,P003,Mechanical Keyboard,Electronics,5,89.99,449.95,Atlanta,Apple Pay,null
TXN000062,2025-01-17T17:20:48.000Z,C8251,P011,t-shirt,Apparel,5,18,90,Orlando,Apple Pay,null
TXN000063,2025-01-18T21:30:28.000Z,C5246,P015,Headphones,Electronics,2,59.99,119.98,Dallas,Cash,null
TXN000064,2025-01-16T18:15:17.000Z,C8206,P013,yoga mat,Fitness,5,29.99,149.95,Dallas,Cash,null
TXN000065,2025-01-15T13:57:34.000Z,C2320,P004,  Notebook  ,Office Supplies,3,6.75,20.25,Atlanta,Debit Card,null
TXN000066,2025-01-18T11:04:26.000Z,C7678,P007, WATER BOTTLE ,Kitchen,2,19.99,39.98,Orlando,Apple Pay,null
TXN000067,2025-01-14T21:26:24.000Z,C1320,P007,water  bottle,Kitchen,1,19.99,19.99,Raleigh,Credit Card,null
TXN000068,2025-01-19T14:54:57.000Z,C7865,P006,Coffee  Mug,Kitchen,3,14.99,44.97,Raleigh,Debit Card,null
TXN000069,2025-01-16T08:24:21.000Z,C7624,P005,  Ballpoint Pen Pack  ,Office Supplies,4,8.49,33.96,Raleigh,Debit Card,null
TXN000070,2025-01-13T14:37:36.000Z,C1444,P010,backpack,Accessories,5,49.99,249.95,Dallas,Apple Pay,null
TXN000071,2025-01-14T08:16:24.000Z,C6363,P003,Mechanical  Keyboard,Electronics,4,89.99,359.96,Raleigh,Cash,null
TXN000072,2025-01-15T20:53:26.000Z,C5133,P006,coffee mug,Kitchen,4,14.99,59.96,Raleigh,Credit Card,null
TXN000073,2025-01-13T13:14:41.000Z,C2124,P012,RUNNING SHOES,Apparel,5,79.99,399.95,Charleston,Debit Card,null
TXN000074,2025-01-17T10:15:08.000Z,C8758,P004,notebook,Office Supplies,1,6.75,6.75,Orlando,Debit Card,null
TXN000075,2025-01-19T13:10:38.000Z,C2876,P008,  Desk Lamp  ,Home,3,34.5,103.5,Nashville,Credit Card,null
TXN000076,2025-01-15T17:43:58.000Z,C7149,P010,backpack,Accessories,1,49.99,49.99,Dallas,Debit Card,null
TXN000077,2025-01-18T21:40:15.000Z,C2669,P002,uSB-c cABLE,Electronics,5,12.5,62.5,Dallas,Google Pay,null
TXN000078,2025-01-19T17:50:02.000Z,C6688,P013,yoga  mat,Fitness,1,29.99,29.99,Dallas,Cash,null
TXN000079,2025-01-18T13:00:54.000Z,C7882,P002,USB-C Cable,Electronics,5,12.5,62.5,Charleston,Apple Pay,null
TXN000080,2025-01-18T10:27:11.000Z,C9548,P006,cOFFEE mUG,Kitchen,4,14.99,59.96,Orlando,Google Pay,null
TXN000081,2025-01-16T14:52:46.000Z,C5397,P013, YOGA MAT ,Fitness,4,29.99,119.96,Atlanta,Credit Card,null
TXN000082,2025-01-14T20:29:36.000Z,C7209,P005, BALLPOINT PEN PACK ,Office Supplies,4,8.49,33.96,Charleston,Apple Pay,null
TXN000083,2025-01-14T15:13:22.000Z,C5232,P014, PROTEIN BAR ,Food,3,2.49,7.47,Nashville,Google Pay,null
TXN000084,2025-01-17T08:33:12.000Z,C2402,P012,Running  Shoes,Apparel,3,79.99,239.97,Dallas,Apple Pay,null
TXN000085,2025-01-19T11:44:30.000Z,C9041,P008,Desk Lamp,Home,5,34.5,172.5,Charleston,Credit Card,null
TXN000086,2025-01-16T19:15:19.000Z,C7046,P005,Ballpoint Pen Pack,Office Supplies,2,8.49,16.98,Orlando,Google Pay,null
TXN000087,2025-01-18T16:21:22.000Z,C8434,P006,cOFFEE mUG,Kitchen,4,14.99,59.96,Nashville,Cash,null
TXN000088,2025-01-18T11:20:07.000Z,C9779,P004,  Notebook  ,Office Supplies,1,6.75,6.75,Atlanta,Debit Card,null
TXN000089,2025-01-15T19:37:48.000Z,C9595,P012,rUNNING sHOES,Apparel,4,79.99,319.96,Charleston,Debit Card,null
TXN000090,2025-01-15T10:19:00.000Z,C9751,P005,  Ballpoint Pen Pack  ,Office Supplies,2,8.49,16.98,Nashville,Credit Card,null
TXN000091,2025-01-15T19:08:40.000Z,C9042,P001,wireless mouse,Electronics,5,24.99,124.95,Charleston,Google Pay,null
TXN000092,2025-01-16T15:21:11.000Z,C1841,P005,bALLPOINT pEN pACK,Office Supplies,4,8.49,33.96,Raleigh,Credit Card,null
TXN000093,2025-01-16T15:04:36.000Z,C1878,P014,  Protein Bar  ,Food,1,2.49,2.49,Atlanta,Google Pay,null
TXN000094,2025-01-14T09:35:48.000Z,C7818,P005,Ballpoint  Pen  Pack,Office Supplies,1,8.49,8.49,Orlando,Apple Pay,null
TXN000095,2025-01-15T21:37:27.000Z,C6003,P008,DESK LAMP,Home,4,34.5,138,Orlando,Credit Card,null
TXN000096,2025-01-18T11:16:42.000Z,C2330,P013,  Yoga Mat  ,Fitness,2,29.99,59.98,Atlanta,Debit Card,null
TXN000097,2025-01-14T08:26:28.000Z,C8699,P009,pHONE cHARGER,Electronics,1,16.99,16.99,Charleston,Debit Card,null
TXN000098,2025-01-18T21:29:04.000Z,C4824,P005,bALLPOINT pEN pACK,Office Supplies,3,8.49,25.47,Dallas,Google Pay,null
TXN000099,2025-01-16T09:34:14.000Z,C3441,P011,t-sHIRT,Apparel,2,18,36,Atlanta,Credit Card,null
TXN000100,2025-01-19T12:38:47.000Z,C5728,P001,Wireless Mouse,Electronics,2,24.99,49.98,Charleston,Apple Pay,null
TXN000001,2025-01-06T19:17:15.000Z,C4657,P011,  T-Shirt  ,Apparel,1,18,18,Dallas,Credit Card,null
TXN000002,2025-01-06T17:27:02.000Z,C1488,P011,t-shirt,Apparel,5,18,90,Atlanta,Debit Card,null
TXN000003,2025-01-06T16:12:45.000Z,C9928,P009,phone  charger,Electronics,5,16.99,84.95,Atlanta,Apple Pay,null
TXN000004,2025-01-12T21:00:48.000Z,C3615,P010,backpack,Accessories,3,49.99,149.97,Nashville,Cash,null
TXN000005,2025-01-12T13:06:05.000Z,C7224,P003,mechanical keyboard,Electronics,2,89.99,179.98,Nashville,Cash,null
TXN000006,2025-01-12T08:46:29.000Z,C9785,P010,backpack,Accessories,3,49.99,149.97,Raleigh,Credit Card,null
TXN000007,2025-01-12T18:39:56.000Z,C6925,P009,Phone  Charger,Electronics,3,16.99,50.97,Dallas,Credit Card,null
TXN000008,2025-01-12T12:05:54.000Z,C4814,P001,wireless mouse,Electronics,2,24.99,49.98,Raleigh,Cash,null
TXN000009,2025-01-07T13:22:13.000Z,C5374,P008,desk lamp,Home,3,34.5,103.5,Orlando,Debit Card,null
TXN000010,2025-01-07T15:24:17.000Z,C4598,P009, PHONE CHARGER ,Electronics,2,16.99,33.98,Charleston,Debit Card,null
TXN000011,2025-01-12T13:25:17.000Z,C2084,P014,Protein  Bar,Food,1,2.49,2.49,Orlando,Cash,null
TXN000012,2025-01-09T18:29:09.000Z,C5339,P004,  Notebook  ,Office Supplies,4,6.75,27,Atlanta,Google Pay,null
TXN000013,2025-01-11T17:27:57.000Z,C7543,P009, PHONE CHARGER ,Electronics,3,16.99,50.97,Atlanta,Debit Card,null
TXN000014,2025-01-06T20:03:55.000Z,C2796,P009,  Phone Charger  ,Electronics,4,16.99,67.96,Dallas,Debit Card,null
TXN000015,2025-01-10T09:24:24.000Z,C8668,P013,yOGA mAT,Fitness,4,29.99,119.96,Orlando,Credit Card,null
TXN000016,2025-01-11T16:48:17.000Z,C6573,P011,t-shirt,Apparel,1,18,18,Nashville,Apple Pay,null
TXN000017,2025-01-06T19:56:46.000Z,C5315,P003,  Mechanical Keyboard  ,Electronics,4,89.99,359.96,Orlando,Credit Card,null
TXN000018,2025-01-12T18:32:38.000Z,C4258,P014,  Protein Bar  ,Food,3,2.49,7.47,Nashville,Debit Card,null
TXN000019,2025-01-06T17:20:31.000Z,C1319,P009,phone charger,Electronics,5,16.99,84.95,Nashville,Cash,null
TXN000020,2025-01-07T17:05:05.000Z,C8962,P004,notebook,Office Supplies,1,6.75,6.75,Orlando,Debit Card,null
TXN000021,2025-01-10T10:16:33.000Z,C7932,P003,Mechanical  Keyboard,Electronics,4,89.99,359.96,Orlando,Debit Card,null
TXN000022,2025-01-09T18:41:23.000Z,C8177,P012,Running Shoes,Apparel,3,79.99,239.97,Charleston,Debit Card,null
TXN000023,2025-01-08T08:37:35.000Z,C4770,P004,Notebook,Office Supplies,1,6.75,6.75,Charleston,Credit Card,null
TXN000024,2025-01-07T09:57:02.000Z,C6413,P012,running shoes,Apparel,1,79.99,79.99,Orlando,Debit Card,null
TXN000025,2025-01-07T16:08:46.000Z,C8744,P005,Ballpoint  Pen  Pack,Office Supplies,4,8.49,33.96,Raleigh,Apple Pay,null
TXN000026,2025-01-06T18:27:22.000Z,C7939,P004,notebook,Office Supplies,1,6.75,6.75,Raleigh,Credit Card,null
TXN000027,2025-01-06T14:46:21.000Z,C2790,P011,T-Shirt,Apparel,1,18,18,Atlanta,Debit Card,null
TXN000028,2025-01-07T14:11:17.000Z,C8579,P009,Phone  Charger,Electronics,4,16.99,67.96,Charleston,Apple Pay,null
TXN000029,2025-01-06T08:41:34.000Z,C1241,P013,yoga mat,Fitness,5,29.99,149.95,Atlanta,Debit Card,null
TXN000030,2025-01-09T11:55:25.000Z,C1960,P007,  Water Bottle  ,Kitchen,4,19.99,79.96,Raleigh,Credit Card,null
TXN000031,2025-01-12T20:29:18.000Z,C7930,P007,Water Bottle,Kitchen,3,19.99,59.97,Atlanta,Debit Card,null
TXN000032,2025-01-06T17:47:34.000Z,C1998,P005, BALLPOINT PEN PACK ,Office Supplies,2,8.49,16.98,Charleston,Credit Card,null
TXN000033,2025-01-10T21:33:10.000Z,C1931,P010,backpack,Accessories,4,49.99,199.96,Atlanta,Credit Card,null
TXN000034,2025-01-11T21:15:25.000Z,C2964,P010,Backpack,Accessories,1,49.99,49.99,Orlando,Google Pay,null
TXN000035,2025-01-06T14:42:37.000Z,C9565,P001, WIRELESS MOUSE ,Electronics,5,24.99,124.95,Nashville,Debit Card,null
TXN000036,2025-01-07T12:25:08.000Z,C5915,P011,T-Shirt,Apparel,3,18,54,Nashville,Credit Card,null
TXN000037,2025-01-10T17:06:04.000Z,C9808,P001,Wireless  Mouse,Electronics,4,24.99,99.96,Orlando,Cash,null
TXN000038,2025-01-06T11:23:18.000Z,C3584,P003,Mechanical Keyboard,Electronics,3,89.99,269.97,Orlando,Cash,null
TXN000039,2025-01-06T18:52:35.000Z,C5905,P010,backpack,Accessories,5,49.99,249.95,Atlanta,Cash,null
TXN000040,2025-01-11T16:09:17.000Z,C5616,P002,USB-C  Cable,Electronics,1,12.5,12.5,Dallas,Cash,null
TXN000041,2025-01-10T15:16:57.000Z,C1832,P004,notebook,Office Supplies,3,6.75,20.25,Dallas,Apple Pay,null
TXN000042,2025-01-06T08:21:49.000Z,C3143,P014,pROTEIN bAR,Food,3,2.49,7.47,Atlanta,Apple Pay,null
TXN000043,2025-01-10T08:07:04.000Z,C3442,P009,PHONE CHARGER,Electronics,4,16.99,67.96,Nashville,Google Pay,null
TXN000044,2025-01-09T10:02:19.000Z,C6974,P009,PHONE CHARGER,Electronics,2,16.99,33.98,Nashville,Debit Card,null
TXN000045,2025-01-11T09:22:49.000Z,C7658,P011,  T-Shirt  ,Apparel,2,18,36,Atlanta,Debit Card,null
TXN000046,2025-01-09T08:11:47.000Z,C6442,P013,yoga  mat,Fitness,2,29.99,59.98,Dallas,Debit Card,null
TXN000047,2025-01-12T19:06:24.000Z,C1634,P005,Ballpoint Pen Pack,Office Supplies,2,8.49,16.98,Atlanta,Debit Card,null
TXN000048,2025-01-08T12:52:50.000Z,C4728,P014,Protein  Bar,Food,4,2.49,9.96,Charleston,Debit Card,null
TXN000049,2025-01-08T21:04:49.000Z,C5573,P007, WATER BOTTLE ,Kitchen,3,19.99,59.97,Dallas,Google Pay,null
TXN000050,2025-01-08T08:07:56.000Z,C5279,P007,  Water Bottle  ,Kitchen,5,19.99,99.95,Orlando,Cash,null
TXN000151,2025-01-29T17:09:04.000Z,C3067,P002,uSB-c cABLE,Electronics,1,12.5,12.5,Orlando,Google Pay,null
TXN000152,2025-01-30T17:33:18.000Z,C8433,P009,phone  charger,Electronics,3,16.99,50.97,Charleston,Credit Card,null
TXN000153,2025-02-01T21:13:27.000Z,C8398,P014,Protein  Bar,Food,5,2.49,12.45,Raleigh,Cash,null
TXN000154,2025-01-30T14:46:06.000Z,C6120,P014,protein  bar,Food,4,2.49,9.96,Nashville,Cash,null
TXN000155,2025-02-01T15:04:05.000Z,C2398,P006,coffee mug,Kitchen,2,14.99,29.98,Raleigh,Credit Card,null
TXN000156,2025-02-02T10:35:03.000Z,C6400,P012,running shoes,Apparel,3,79.99,239.97,Raleigh,Cash,null
TXN000157,2025-02-02T19:03:18.000Z,C6119,P014, PROTEIN BAR ,Food,4,2.49,9.96,Charleston,Google Pay,null
TXN000158,2025-01-28T18:30:14.000Z,C2773,P009, PHONE CHARGER ,Electronics,2,16.99,33.98,Orlando,Cash,null
TXN000159,2025-01-31T11:51:27.000Z,C1430,P002,uSB-c cABLE,Electronics,3,12.5,37.5,Charleston,Debit Card,null
TXN000160,2025-01-29T13:00:11.000Z,C3347,P005,ballpoint  pen  pack,Office Supplies,3,8.49,25.47,Charleston,Debit Card,null
TXN000161,2025-01-27T19:33:13.000Z,C7163,P012,running  shoes,Apparel,1,79.99,79.99,Raleigh,Cash,null
TXN000162,2025-01-29T19:20:49.000Z,C2391,P003,MECHANICAL KEYBOARD,Electronics,3,89.99,269.97,Atlanta,Debit Card,null
TXN000163,2025-01-27T18:05:17.000Z,C8259,P013,yoga  mat,Fitness,5,29.99,149.95,Raleigh,Google Pay,null
TXN000164,2025-01-29T11:48:32.000Z,C2864,P008, DESK LAMP ,Home,4,34.5,138,Raleigh,Credit Card,null
TXN000165,2025-01-30T16:42:19.000Z,C1744,P005,Ballpoint  Pen  Pack,Office Supplies,5,8.49,42.45,Raleigh,Google Pay,null
TXN000166,2025-01-28T12:13:49.000Z,C3248,P001,wIRELESS mOUSE,Electronics,1,24.99,24.99,Nashville,Cash,null
TXN000167,2025-01-30T19:27:11.000Z,C3116,P002,usb-c  cable,Electronics,1,12.5,12.5,Orlando,Debit Card,null
TXN000168,2025-02-02T18:51:22.000Z,C2180,P009,phone  charger,Electronics,5,16.99,84.95,Dallas,Credit Card,null
TXN000169,2025-01-30T09:55:20.000Z,C8033,P007,water  bottle,Kitchen,1,19.99,19.99,Dallas,Apple Pay,null
TXN000170,2025-01-30T08:20:10.000Z,C8538,P005, BALLPOINT PEN PACK ,Office Supplies,1,8.49,8.49,Charleston,Apple Pay,null
TXN000171,2025-01-28T14:37:25.000Z,C9584,P014,protein bar,Food,1,2.49,2.49,Raleigh,Cash,null
TXN000172,2025-01-28T13:49:10.000Z,C2251,P012,running shoes,Apparel,3,79.99,239.97,Orlando,Google Pay,null
TXN000173,2025-01-29T19:52:41.000Z,C3419,P004,Notebook,Office Supplies,3,6.75,20.25,Charleston,Debit Card,null
TXN000174,2025-01-28T17:09:48.000Z,C2234,P005,  Ballpoint Pen Pack  ,Office Supplies,2,8.49,16.98,Dallas,Apple Pay,null
TXN000175,2025-02-02T17:28:43.000Z,C6295,P008, DESK LAMP ,Home,5,34.5,172.5,Atlanta,Apple Pay,null
TXN000176,2025-01-30T18:19:50.000Z,C5500,P002,USB-C CABLE,Electronics,4,12.5,50,Nashville,Google Pay,null
TXN000177,2025-01-30T15:02:03.000Z,C7041,P002,uSB-c cABLE,Electronics,3,12.5,37.5,Charleston,Credit Card,null
TXN000178,2025-01-31T14:29:37.000Z,C1672,P010,Backpack,Accessories,5,49.99,249.95,Orlando,Debit Card,null
TXN000179,2025-01-30T16:09:03.000Z,C8381,P006,coffee mug,Kitchen,5,14.99,74.95,Nashville,Credit Card,null
TXN000180,2025-01-27T11:45:28.000Z,C8199,P009,  Phone Charger  ,Electronics,2,16.99,33.98,Nashville,Cash,null
TXN000181,2025-01-30T14:49:21.000Z,C1857,P015, HEADPHONES ,Electronics,3,59.99,179.97,Charleston,Cash,null
TXN000182,2025-02-01T14:18:16.000Z,C3463,P002, USB-C CABLE ,Electronics,5,12.5,62.5,Charleston,Google Pay,null
TXN000183,2025-01-29T12:41:44.000Z,C7421,P011,  T-Shirt  ,Apparel,2,18,36,Orlando,Credit Card,null
TXN000184,2025-01-30T18:50:21.000Z,C3093,P005,ballpoint pen pack,Office Supplies,5,8.49,42.45,Dallas,Apple Pay,null
TXN000185,2025-01-27T13:19:11.000Z,C4509,P009, PHONE CHARGER ,Electronics,3,16.99,50.97,Raleigh,Debit Card,null
TXN000186,2025-01-28T09:18:54.000Z,C2657,P004,NOTEBOOK,Office Supplies,2,6.75,13.5,Dallas,Cash,null
TXN000187,2025-01-28T17:24:09.000Z,C3658,P015,  Headphones  ,Electronics,5,59.99,299.95,Dallas,Google Pay,null
TXN000188,2025-02-01T15:02:26.000Z,C6968,P013,Yoga  Mat,Fitness,2,29.99,59.98,Raleigh,Google Pay,null
TXN000189,2025-01-28T16:15:19.000Z,C8684,P005,Ballpoint  Pen  Pack,Office Supplies,4,8.49,33.96,Nashville,Google Pay,null
TXN000190,2025-02-02T12:49:24.000Z,C9239,P008,desk  lamp,Home,4,34.5,138,Atlanta,Debit Card,null
TXN000191,2025-01-28T21:16:03.000Z,C8873,P013, YOGA MAT ,Fitness,5,29.99,149.95,Orlando,Credit Card,null
TXN000192,2025-02-02T09:18:05.000Z,C3626,P012,rUNNING sHOES,Apparel,5,79.99,399.95,Raleigh,Google Pay,null
TXN000193,2025-01-27T11:52:28.000Z,C6727,P003,MECHANICAL KEYBOARD,Electronics,4,89.99,359.96,Raleigh,Credit Card,null
TXN000194,2025-01-29T11:24:05.000Z,C7142,P007,Water  Bottle,Kitchen,5,19.99,99.95,Charleston,Cash,null
TXN000195,2025-02-02T19:41:21.000Z,C3392,P015,  Headphones  ,Electronics,1,59.99,59.99,Charleston,Cash,null
TXN000196,2025-02-01T21:08:48.000Z,C8685,P015,Headphones,Electronics,4,59.99,239.96,Orlando,Credit Card,null
TXN000197,2025-01-27T12:13:53.000Z,C3449,P015,headphones,Electronics,1,59.99,59.99,Charleston,Cash,null
TXN000198,2025-01-27T08:15:26.000Z,C8489,P004,notebook,Office Supplies,3,6.75,20.25,Charleston,Apple Pay,null
TXN000199,2025-01-27T18:32:36.000Z,C4963,P010,  Backpack  ,Accessories,5,49.99,249.95,Nashville,Apple Pay,null
TXN000200,2025-01-29T11:36:26.000Z,C4068,P001,wireless mouse,Electronics,5,24.99,124.95,Orlando,Cash,null
TXN000101,2025-01-25T14:17:32.000Z,C9847,P012,Running Shoes,Apparel,3,79.99,239.97,Raleigh,Credit Card,null
TXN000102,2025-01-23T19:20:38.000Z,C5102,P010,BACKPACK,Accessories,1,49.99,49.99,Charleston,Debit Card,null
TXN000103,2025-01-24T08:48:43.000Z,C5415,P011,T-SHIRT,Apparel,5,18,90,Atlanta,Apple Pay,null
TXN000104,2025-01-22T10:37:27.000Z,C9056,P009,phone charger,Electronics,4,16.99,67.96,Raleigh,Cash,null
TXN000105,2025-01-22T18:06:54.000Z,C3634,P007, WATER BOTTLE ,Kitchen,3,19.99,59.97,Raleigh,Apple Pay,null
TXN000106,2025-01-26T20:35:02.000Z,C8451,P005,ballpoint pen pack,Office Supplies,4,8.49,33.96,Nashville,Cash,null
TXN000107,2025-01-26T14:55:32.000Z,C1018,P006,Coffee Mug,Kitchen,1,14.99,14.99,Raleigh,Credit Card,null
TXN000108,2025-01-22T17:48:31.000Z,C8242,P004,NOTEBOOK,Office Supplies,5,6.75,33.75,Atlanta,Cash,null
TXN000109,2025-01-22T15:56:44.000Z,C8941,P009,phone charger,Electronics,2,16.99,33.98,Charleston,Google Pay,null
TXN000110,2025-01-25T10:19:35.000Z,C1224,P013,yoga  mat,Fitness,2,29.99,59.98,Charleston,Debit Card,null
TXN000111,2025-01-23T09:41:53.000Z,C3522,P014,Protein Bar,Food,1,2.49,2.49,Dallas,Cash,null
TXN000112,2025-01-23T21:30:30.000Z,C4993,P009,Phone Charger,Electronics,3,16.99,50.97,Orlando,Debit Card,null
TXN000113,2025-01-24T16:47:56.000Z,C3236,P007,water bottle,Kitchen,2,19.99,39.98,Nashville,Apple Pay,null
TXN000114,2025-01-22T21:00:18.000Z,C5891,P006,Coffee Mug,Kitchen,5,14.99,74.95,Atlanta,Apple Pay,null
TXN000115,2025-01-22T13:35:48.000Z,C9903,P009,phone  charger,Electronics,4,16.99,67.96,Raleigh,Cash,null
TXN000116,2025-01-25T11:36:24.000Z,C4826,P014,protein  bar,Food,2,2.49,4.98,Charleston,Cash,null
TXN000117,2025-01-25T20:24:24.000Z,C3492,P012,Running Shoes,Apparel,4,79.99,319.96,Charleston,Debit Card,null
TXN000118,2025-01-22T21:06:55.000Z,C8213,P009,phone charger,Electronics,5,16.99,84.95,Orlando,Apple Pay,null
TXN000119,2025-01-23T21:41:09.000Z,C2225,P001,Wireless Mouse,Electronics,2,24.99,49.98,Nashville,Cash,null
TXN000120,2025-01-25T09:54:21.000Z,C9742,P010,backpack,Accessories,4,49.99,199.96,Nashville,Apple Pay,null
TXN000121,2025-01-20T17:04:15.000Z,C5708,P014,Protein  Bar,Food,5,2.49,12.45,Dallas,Credit Card,null
TXN000122,2025-01-26T18:45:55.000Z,C2646,P007,Water Bottle,Kitchen,1,19.99,19.99,Atlanta,Cash,null
TXN000123,2025-01-20T13:50:03.000Z,C5806,P015, HEADPHONES ,Electronics,1,59.99,59.99,Nashville,Apple Pay,null
TXN000124,2025-01-24T14:36:43.000Z,C3950,P003,  Mechanical Keyboard  ,Electronics,2,89.99,179.98,Atlanta,Credit Card,null
TXN000125,2025-01-24T18:15:31.000Z,C3344,P010,Backpack,Accessories,4,49.99,199.96,Raleigh,Cash,null
TXN000126,2025-01-25T08:57:51.000Z,C8622,P008,dESK lAMP,Home,3,34.5,103.5,Dallas,Google Pay,null
TXN000127,2025-01-23T13:37:19.000Z,C7951,P003,mECHANICAL kEYBOARD,Electronics,1,89.99,89.99,Raleigh,Cash,null
TXN000128,2025-01-26T15:06:15.000Z,C7248,P004, NOTEBOOK ,Office Supplies,4,6.75,27,Orlando,Cash,null
TXN000129,2025-01-20T21:42:25.000Z,C5497,P012,RUNNING SHOES,Apparel,3,79.99,239.97,Orlando,Credit Card,null
TXN000130,2025-01-25T15:53:57.000Z,C5689,P015,Headphones,Electronics,5,59.99,299.95,Orlando,Cash,null
TXN000131,2025-01-24T12:43:48.000Z,C3240,P004,notebook,Office Supplies,2,6.75,13.5,Dallas,Credit Card,null
TXN000132,2025-01-20T17:23:46.000Z,C3153,P005,ballpoint pen pack,Office Supplies,4,8.49,33.96,Nashville,Cash,null
TXN000133,2025-01-21T11:08:50.000Z,C9837,P012, RUNNING SHOES ,Apparel,4,79.99,319.96,Orlando,Google Pay,null
TXN000134,2025-01-26T10:16:58.000Z,C8894,P015,hEADPHONES,Electronics,3,59.99,179.97,Dallas,Cash,null
TXN000135,2025-01-23T09:09:48.000Z,C4696,P013,yoga  mat,Fitness,1,29.99,29.99,Orlando,Cash,null
TXN000136,2025-01-20T12:34:07.000Z,C8451,P002, USB-C CABLE ,Electronics,4,12.5,50,Dallas,Cash,null
TXN000137,2025-01-26T18:23:06.000Z,C4830,P010,Backpack,Accessories,4,49.99,199.96,Charleston,Google Pay,null
TXN000138,2025-01-22T17:14:41.000Z,C2035,P015,Headphones,Electronics,5,59.99,299.95,Dallas,Cash,null
TXN000139,2025-01-20T10:02:02.000Z,C5986,P011,T-Shirt,Apparel,4,18,72,Charleston,Credit Card,null
TXN000140,2025-01-21T14:29:23.000Z,C9850,P004,notebook,Office Supplies,5,6.75,33.75,Orlando,Debit Card,null
TXN000141,2025-01-25T09:53:31.000Z,C7686,P015,hEADPHONES,Electronics,4,59.99,239.96,Charleston,Cash,null
TXN000142,2025-01-23T11:54:23.000Z,C2627,P004, NOTEBOOK ,Office Supplies,4,6.75,27,Orlando,Cash,null
TXN000143,2025-01-22T11:07:54.000Z,C8450,P001,wireless mouse,Electronics,4,24.99,99.96,Dallas,Debit Card,null
TXN000144,2025-01-20T08:50:21.000Z,C4990,P011,  T-Shirt  ,Apparel,5,18,90,Orlando,Debit Card,null
TXN000145,2025-01-21T17:13:52.000Z,C4817,P002, USB-C CABLE ,Electronics,5,12.5,62.5,Atlanta,Google Pay,null
TXN000146,2025-01-26T10:08:34.000Z,C5106,P001,  Wireless Mouse  ,Electronics,3,24.99,74.97,Charleston,Credit Card,null
TXN000147,2025-01-22T20:50:15.000Z,C6304,P003,MECHANICAL KEYBOARD,Electronics,1,89.99,89.99,Atlanta,Cash,null
TXN000148,2025-01-25T14:33:07.000Z,C2041,P001,Wireless Mouse,Electronics,2,24.99,49.98,Raleigh,Cash,null
TXN000149,2025-01-20T15:32:14.000Z,C1710,P009,pHONE cHARGER,Electronics,5,16.99,84.95,Raleigh,Credit Card,null
TXN000150,2025-01-26T14:27:43.000Z,C2768,P001,Wireless Mouse,Electronics,4,24.99,99.96,Dallas,Apple Pay,null
